city,year,total_sales,corporate_sales,avg_price,median_price,owner_occ_sales,corp_own_rate,own_occ_rate,vacancy_rate
Acton,2000,6,3,1220816.6666666667,527450.0,3,,,
Acton,2001,2,2,310000.0,310000.0,0,,,
Acton,2002,4,2,565600.0,412450.0,2,,,
Acton,2003,3,2,559400.0,714200.0,1,,,
Acton,2004,4,4,676875.0,725000.0,0,,,
Acton,2005,4,3,466250.0,327500.0,1,,,
Acton,2006,5,4,1564000.0,900000.0,1,,,
Acton,2007,7,7,741685.7142857143,449900.0,0,,,
Acton,2008,7,7,14285.714285714286,15000.0,0,,,
Acton,2009,5,4,601400.0,362000.0,1,,,
Acton,2010,2,1,377200.0,377200.0,1,,,
Acton,2011,1,1,125000.0,125000.0,0,,,
Acton,2012,2,2,790000.0,790000.0,0,,,
Acton,2013,4,3,3643750.0,722500.0,1,,,
Acton,2014,3,3,224966.66666666666,285000.0,0,,,
Acton,2015,4,4,443000.0,486000.0,0,,,
Acton,2016,7,5,5126157.142857143,582500.0,2,,,
Acton,2017,5,3,1824060.0,351000.0,2,,,
Acton,2018,4,2,709750.0,483500.0,2,,,
Acton,2019,4,3,469375.0,513250.0,1,,,
Acton,2020,3,1,325000.0,185000.0,2,,,
Acton,2021,11,9,997709.0909090909,420000.0,2,,,
Acton,2022,10,9,713800.1,299500.0,1,,,
Arlington,2000,2,2,865000.0,865000.0,0,,,
Arlington,2001,2,1,306450.0,306450.0,1,,,
Arlington,2002,3,3,558333.3333333334,480000.0,0,,,
Arlington,2003,7,7,1270276.2857142857,1369934.0,0,,,
Arlington,2004,5,4,1061000.0,850000.0,1,,,
Arlington,2005,4,3,480200.0,450500.0,1,,,
Arlington,2006,11,9,785468.1818181818,770500.0,2,,,
Arlington,2007,9,7,888388.8888888889,700000.0,2,,,
Arlington,2008,8,8,516406.25,545000.0,0,,,
Arlington,2009,4,4,1103375.0,524000.0,0,,,
Arlington,2010,9,8,551444.4444444445,515000.0,1,,,
Arlington,2011,14,13,542321.4285714285,485000.0,1,,,
Arlington,2012,12,11,927145.8333333334,430000.0,1,,,
Arlington,2013,12,11,445583.3333333333,445500.0,1,,,
Arlington,2014,16,15,878406.25,461500.0,1,,,
Arlington,2015,30,29,1253143.3333333333,667500.0,1,,,
Arlington,2016,22,21,818097.7272727273,692500.0,1,,,
Arlington,2017,18,18,810305.5555555555,807500.0,0,,,
Arlington,2018,27,24,770777.8148148148,775000.0,3,,,
Arlington,2019,22,22,930070.0454545454,855000.0,0,,,
Arlington,2020,23,22,888478.2608695652,840000.0,1,,,
Arlington,2021,36,35,1068833.888888889,1000000.0,1,,,
Arlington,2022,30,26,1132629.0,964000.0,4,,,
Ashland,2000,2,1,289000.0,289000.0,1,,,
Ashland,2001,1,0,242990.0,242990.0,1,,,
Ashland,2002,3,3,359141.6666666667,355205.0,0,,,
Ashland,2003,3,0,352300.0,360000.0,3,,,
Ashland,2004,1,1,33333.0,33333.0,0,,,
Ashland,2005,4,4,400062.5,350125.0,0,,,
Ashland,2006,3,3,185536.0,186608.0,0,,,
Ashland,2008,3,2,258333.33333333334,245000.0,1,,,
Ashland,2009,3,3,139333.66666666666,170000.0,0,,,
Ashland,2010,1,1,327200.0,327200.0,0,,,
Ashland,2012,4,4,435265.75,325000.0,0,,,
Ashland,2013,2,2,790000.0,790000.0,0,,,
Ashland,2014,6,4,658833.3333333334,269500.0,2,,,
Ashland,2015,10,7,902650.0,377000.0,3,,,
Ashland,2016,4,3,1133000.0,583500.0,1,,,
Ashland,2018,7,5,853557.1428571428,422000.0,2,,,
Ashland,2019,4,3,322750.0,323000.0,1,,,
Ashland,2020,10,10,413280.1,311859.5,0,,,
Ashland,2021,12,9,438791.6666666667,379750.0,3,,,
Ashland,2022,4,4,638750.0,690000.0,0,,,
Bedford,2000,2,1,211000.0,211000.0,1,,,
Bedford,2001,2,2,2617500.0,2617500.0,0,,,
Bedford,2003,3,3,4550000.0,700000.0,0,,,
Bedford,2005,2,1,475000.0,475000.0,1,,,
Bedford,2006,4,4,1991250.0,2000000.0,0,,,
Bedford,2007,4,3,667862.25,656875.0,1,,,
Bedford,2008,1,1,493000.0,493000.0,0,,,
Bedford,2009,3,2,2242126.0,1917489.0,1,,,
Bedford,2010,1,1,375000.0,375000.0,0,,,
Bedford,2011,2,2,675000.0,675000.0,0,,,
Bedford,2012,4,2,318937.5,335375.0,2,,,
Bedford,2013,6,6,807250.0,475000.0,0,,,
Bedford,2014,6,6,439833.3333333333,432500.0,0,,,
Bedford,2015,5,4,604800.0,450000.0,1,,,
Bedford,2016,5,4,483500.0,455000.0,1,,,
Bedford,2017,6,5,4826166.666666667,572500.0,1,,,
Bedford,2018,3,3,334000.0,350000.0,0,,,
Bedford,2019,7,7,1568250.0,1000000.0,0,,,
Bedford,2020,1,1,450000.0,450000.0,0,,,
Bedford,2021,7,7,584285.7142857143,655000.0,0,,,
Bedford,2022,7,7,900714.2857142857,660000.0,0,,,
Bellingham,2000,2,2,51000.0,51000.0,0,,,
Bellingham,2002,1,0,210000.0,210000.0,1,,,
Bellingham,2003,3,1,727833.3333333334,365500.0,2,,,
Bellingham,2005,1,0,283000.0,283000.0,1,,,
Bellingham,2006,3,1,19711371.666666668,765000.0,2,,,
Bellingham,2008,4,4,698750.0,446250.0,0,,,
Bellingham,2009,2,2,2023750.0,2023750.0,0,,,
Bellingham,2010,3,2,127000.0,165000.0,1,,,
Bellingham,2011,6,4,245500.0,241000.0,2,,,
Bellingham,2012,4,4,337500.0,341500.0,0,,,
Bellingham,2013,4,4,276750.0,291500.0,0,,,
Bellingham,2014,1,0,525000.0,525000.0,1,,,
Bellingham,2015,1,1,500000.0,500000.0,0,,,
Bellingham,2016,2,2,13350000.0,13350000.0,0,,,
Bellingham,2017,7,4,369285.71428571426,226100.0,3,,,
Bellingham,2018,3,3,132000.0,96000.0,0,,,
Bellingham,2019,7,7,382071.4285714286,400000.0,0,,,
Bellingham,2020,5,5,629000.0,725000.0,0,,,
Bellingham,2021,2,2,198000.0,198000.0,0,,,
Bellingham,2022,4,4,529375.0,393750.0,0,,,
Belmont,2001,1,0,540000.0,540000.0,1,,,
Belmont,2002,2,1,638250.0,638250.0,1,,,
Belmont,2003,1,1,325000.0,325000.0,0,,,
Belmont,2004,5,4,633850.0,700000.0,1,,,
Belmont,2005,6,6,681833.3333333334,707000.0,0,,,
Belmont,2006,5,5,631400.0,582000.0,0,,,
Belmont,2007,11,11,944918.9090909091,725000.0,0,,,
Belmont,2008,4,3,537972.0,475000.0,1,,,
Belmont,2009,3,1,1549525.0,686000.0,2,,,
Belmont,2010,8,7,1399562.5,656500.0,1,,,
Belmont,2011,5,4,897879.0,634000.0,1,,,
Belmont,2012,15,15,569433.3333333334,481000.0,0,,,
Belmont,2013,17,15,931029.4117647059,575000.0,2,,,
Belmont,2014,17,16,963029.4117647059,750000.0,1,,,
Belmont,2015,36,36,4271277.777777778,5275000.0,0,,,
Belmont,2016,9,9,935555.5555555555,825000.0,0,,,
Belmont,2017,12,12,934500.0,885000.0,0,,,
Belmont,2018,6,5,1699166.6666666667,955000.0,1,,,
Belmont,2019,14,13,2360821.4285714286,1057500.0,1,,,
Belmont,2020,10,10,887000.0,925000.0,0,,,
Belmont,2021,20,20,1321749.95,1125000.0,0,,,
Belmont,2022,15,14,993360.0666666667,1125000.0,1,,,
Beverly,2000,6,5,1055211.3333333333,555384.0,1,,,
Beverly,2001,12,8,293075.0,229500.0,4,,,
Beverly,2002,11,10,1050318.1818181819,232500.0,1,,,
Beverly,2003,13,9,441364.6153846154,313740.0,4,,,
Beverly,2004,8,8,1461875.0,875000.0,0,,,
Beverly,2005,2,1,402500.0,402500.0,1,,,
Beverly,2006,7,6,621285.7142857143,660000.0,1,,,
Beverly,2007,7,7,1167142.857142857,610000.0,0,,,
Beverly,2008,4,4,416750.0,350000.0,0,,,
Beverly,2009,4,4,5860634.25,173768.5,0,,,
Beverly,2010,10,7,682200.0,240000.0,3,,,
Beverly,2011,9,9,462305.55555555556,334000.0,0,,,
Beverly,2012,14,11,357457.14285714284,359450.0,3,,,
Beverly,2013,25,23,507436.04,450000.0,2,,,
Beverly,2014,28,26,492705.35714285716,387500.0,2,,,
Beverly,2015,19,19,929289.4736842106,634500.0,0,,,
Beverly,2016,23,21,725163.0434782609,518000.0,2,,,
Beverly,2017,18,17,1305382.5,557500.0,1,,,
Beverly,2018,19,18,957947.3684210526,555000.0,1,,,
Beverly,2019,25,19,987871.6,750000.0,6,,,
Beverly,2020,12,12,2050000.0,695000.0,0,,,
Beverly,2021,18,17,1321991.2777777778,987500.0,1,,,
Beverly,2022,24,24,1341531.2916666667,977500.0,0,,,
Bolton,2000,2,0,2222500.0,2222500.0,2,,,
Bolton,2001,1,0,628500.0,628500.0,1,,,
Bolton,2004,1,1,565000.0,565000.0,0,,,
Bolton,2005,1,1,750000.0,750000.0,0,,,
Bolton,2007,1,1,370000.0,370000.0,0,,,
Bolton,2008,1,1,735000.0,735000.0,0,,,
Bolton,2013,1,1,750000.0,750000.0,0,,,
Bolton,2014,2,2,314750.0,314750.0,0,,,
Bolton,2015,3,3,443333.3333333333,490000.0,0,,,
Bolton,2016,3,3,398333.3333333333,515000.0,0,,,
Bolton,2017,8,8,539125.0,517750.0,0,,,
Bolton,2022,1,1,2750000.0,2750000.0,0,,,
Boston,2000,67,42,3521226.6716417912,640000.0,25,,,
Boston,2001,48,29,2026841.6666666667,323500.0,19,,,
Boston,2002,47,28,6519157.44680851,485000.0,19,,,
Boston,2003,74,61,2120252.5,762500.0,13,,,
Boston,2004,53,32,773224.4716981133,470000.0,21,,,
Boston,2005,39,23,595434.4615384615,415000.0,16,,,
Boston,2006,130,102,2176490.207692308,630000.0,28,,,
Boston,2007,179,142,4661684.262569833,775000.0,37,,,
Boston,2008,205,180,2078478.5219512195,488000.0,25,,,
Boston,2009,204,190,938407.4117647059,276000.0,14,,,
Boston,2010,228,190,742761.7894736842,307500.0,38,,,
Boston,2011,254,223,1703846.4173228347,590500.0,31,,,
Boston,2012,294,262,1322036.5612244897,542500.0,32,,,
Boston,2013,407,372,1527303.4447174447,530000.0,35,,,
Boston,2014,367,343,2575455.5286103543,623000.0,24,,,
Boston,2015,383,357,1995358.8537859009,699000.0,26,,,
Boston,2016,435,387,1936262.524137931,750000.0,48,,,
Boston,2017,425,397,10801257.950588236,900000.0,28,,,
Boston,2018,422,383,1848301.260663507,950000.0,39,,,
Boston,2019,491,449,5669891.682281059,1000000.0,42,,,
Boston,2020,385,372,3995382.1506493506,1075000.0,13,,,
Boston,2021,543,522,2159159.289134438,1145000.0,21,,,
Boston,2022,445,418,1945468.2988764045,1105000.0,27,,,
Boxborough,2000,2,1,300950.0,300950.0,1,,,
Boxborough,2003,3,2,4675666.333333333,6804307.0,1,,,
Boxborough,2005,1,1,500000.0,500000.0,0,,,
Boxborough,2006,1,1,120000.0,120000.0,0,,,
Boxborough,2007,2,2,1700000.0,1700000.0,0,,,
Boxborough,2008,1,1,200000.0,200000.0,0,,,
Boxborough,2011,2,2,613450.0,613450.0,0,,,
Boxborough,2012,1,0,385000.0,385000.0,1,,,
Boxborough,2014,3,3,321666.6666666667,270000.0,0,,,
Boxborough,2016,4,2,1885500.0,1125000.0,2,,,
Boxborough,2017,3,3,121000.0,120000.0,0,,,
Boxborough,2018,1,1,575000.0,575000.0,0,,,
Boxborough,2020,3,3,2970000.0,3768041.0,0,,,
Boxborough,2021,5,5,15454000.2,141667.0,0,,,
Boxborough,2022,2,2,1287500.0,1287500.0,0,,,
Braintree,2000,1,0,220000.0,220000.0,1,,,
Braintree,2003,4,3,1369125.0,512500.0,1,,,
Braintree,2004,2,2,298000.0,298000.0,0,,,
Braintree,2005,7,5,340000.0,315000.0,2,,,
Braintree,2006,9,4,474041.6666666667,500000.0,5,,,
Braintree,2007,10,9,1469350.0,530000.0,1,,,
Braintree,2008,3,3,1086666.6666666667,535000.0,0,,,
Braintree,2009,1,1,308000.0,308000.0,0,,,
Braintree,2010,3,3,225166.66666666666,215500.0,0,,,
Braintree,2011,4,3,343875.0,312750.0,1,,,
Braintree,2012,5,5,936617.0,375000.0,0,,,
Braintree,2013,10,8,934699.9,325000.0,2,,,
Braintree,2014,8,8,799062.5,340000.0,0,,,
Braintree,2015,11,11,845076.8181818182,470000.0,0,,,
Braintree,2016,6,6,2614166.6666666665,557500.0,0,,,
Braintree,2017,10,6,1180885.5,602500.0,4,,,
Braintree,2018,19,18,1695244.7368421052,1760000.0,1,,,
Braintree,2019,8,7,2055875.0,655000.0,1,,,
Braintree,2020,14,11,911485.1428571428,630000.0,3,,,
Braintree,2021,10,8,1941000.0,837500.0,2,,,
Braintree,2022,11,9,1248784.0909090908,660000.0,2,,,
Brookline,2000,4,3,705625.0,710000.0,1,,,
Brookline,2001,2,2,340000.0,340000.0,0,,,
Brookline,2002,3,1,457666.6666666667,269000.0,2,,,
Brookline,2003,22,16,1529045.4545454546,842500.0,6,,,
Brookline,2004,18,14,1485527.7777777778,1250000.0,4,,,
Brookline,2005,17,16,1173023.5294117648,817500.0,1,,,
Brookline,2006,17,15,931073.8823529412,595000.0,2,,,
Brookline,2007,25,19,1046357.0,750000.0,6,,,
Brookline,2008,19,17,2749472.8421052634,840000.0,2,,,
Brookline,2009,17,16,925739.8823529412,700000.0,1,,,
Brookline,2010,23,19,5671085.956521739,980000.0,4,,,
Brookline,2011,34,28,1008994.2058823529,975000.0,6,,,
Brookline,2012,39,36,2655127.564102564,1200000.0,3,,,
Brookline,2013,45,41,1602151.2222222222,1200000.0,4,,,
Brookline,2014,54,51,1319782.2407407407,1150000.0,3,,,
Brookline,2015,51,47,3415557.5098039214,1674500.0,4,,,
Brookline,2016,42,41,5589627.238095238,1910000.0,1,,,
Brookline,2017,39,37,1850694.8717948718,1731000.0,2,,,
Brookline,2018,49,43,5489080.020408163,1910000.0,6,,,
Brookline,2019,33,30,2008393.9393939395,2000000.0,3,,,
Brookline,2020,47,45,2238743.6170212766,1700000.0,2,,,
Brookline,2021,59,58,2865196.7288135593,2275000.0,1,,,
Brookline,2022,48,44,3289458.3333333335,2000000.0,4,,,
Burlington,2000,3,3,428966.6666666667,307000.0,0,,,
Burlington,2001,3,2,4466666.666666667,220000.0,1,,,
Burlington,2002,1,1,675000.0,675000.0,0,,,
Burlington,2003,7,6,2154379.714285714,2250000.0,1,,,
Burlington,2004,3,1,430000.0,365000.0,2,,,
Burlington,2005,3,3,525333.3333333334,200000.0,0,,,
Burlington,2006,7,6,3335928.5714285714,625000.0,1,,,
Burlington,2007,4,4,954500.0,845000.0,0,,,
Burlington,2008,4,4,488500.0,400000.0,0,,,
Burlington,2009,5,3,2287045.4,375000.0,2,,,
Burlington,2010,2,2,315000.0,315000.0,0,,,
Burlington,2011,3,3,1321666.6666666667,1300000.0,0,,,
Burlington,2012,3,3,886666.6666666666,975000.0,0,,,
Burlington,2013,8,8,397338.375,303750.0,0,,,
Burlington,2014,5,5,445400.0,455000.0,0,,,
Burlington,2015,15,14,445449.6666666667,365000.0,1,,,
Burlington,2016,13,11,2242098.6923076925,370000.0,2,,,
Burlington,2017,18,17,7928688.888888889,513750.0,1,,,
Burlington,2018,12,12,779800.0,447500.0,0,,,
Burlington,2019,17,17,3310911.7647058824,450000.0,0,,,
Burlington,2020,12,11,8115869.666666667,477500.0,1,,,
Burlington,2021,22,21,5382983.636363637,577500.0,1,,,
Burlington,2022,20,15,4013850.0,646000.0,5,,,
Cambridge,2000,24,18,1860145.8333333333,928750.0,6,,,
Cambridge,2001,19,13,2322628.947368421,560000.0,6,,,
Cambridge,2002,15,9,1558526.6666666667,1050000.0,6,,,
Cambridge,2003,20,9,940075.0,942500.0,11,,,
Cambridge,2004,18,15,1512990.7222222222,937500.0,3,,,
Cambridge,2005,22,20,2355884.409090909,1200000.0,2,,,
Cambridge,2006,28,20,4184036.3214285714,712000.0,8,,,
Cambridge,2007,38,33,3999803.1052631577,897500.0,5,,,
Cambridge,2008,34,31,2089113.9705882352,1009125.0,3,,,
Cambridge,2009,18,15,1047258.3333333334,752500.0,3,,,
Cambridge,2010,27,20,3476974.3703703703,800000.0,7,,,
Cambridge,2011,31,25,1507730.1290322582,950000.0,6,,,
Cambridge,2012,42,35,1079068.4523809524,894500.0,7,,,
Cambridge,2013,49,42,1184357.142857143,925000.0,7,,,
Cambridge,2014,51,44,2282007.6274509802,900000.0,7,,,
Cambridge,2015,42,37,2298904.761904762,1175000.0,5,,,
Cambridge,2016,54,48,12272019.333333334,1505000.0,6,,,
Cambridge,2017,62,58,2738482.0,1105000.0,4,,,
Cambridge,2018,62,59,5225269.629032258,2150000.0,3,,,
Cambridge,2019,57,54,7596458.631578947,1825000.0,3,,,
Cambridge,2020,56,49,4866778.857142857,1897500.0,7,,,
Cambridge,2021,72,68,4137980.722222222,1637500.0,4,,,
Cambridge,2022,90,84,2042398.8111111112,1605000.0,6,,,
Canton,2000,1,0,620000.0,620000.0,1,,,
Canton,2003,2,1,432250.0,432250.0,1,,,
Canton,2004,6,3,837000.0,575000.0,3,,,
Canton,2005,8,6,881968.375,427500.0,2,,,
Canton,2006,3,2,4247727.333333333,5000000.0,1,,,
Canton,2007,5,3,670980.0,629900.0,2,,,
Canton,2008,7,7,2277500.0,1150000.0,0,,,
Canton,2009,3,2,895833.3333333334,225000.0,1,,,
Canton,2010,8,8,218937.5,222500.0,0,,,
Canton,2011,4,3,1211630.5,698250.0,1,,,
Canton,2012,18,18,1311166.6666666667,1595000.0,0,,,
Canton,2013,5,4,235800.0,232000.0,1,,,
Canton,2014,4,4,431125.0,434750.0,0,,,
Canton,2015,13,9,1569584.076923077,391950.0,4,,,
Canton,2016,7,4,3125557.1428571427,625000.0,3,,,
Canton,2017,12,9,1750103.1666666667,573750.0,3,,,
Canton,2018,11,10,1890000.0,1085000.0,1,,,
Canton,2019,10,9,1357350.0,543000.0,1,,,
Canton,2020,15,12,4283433.333333333,700000.0,3,,,
Canton,2021,8,4,809562.5,608500.0,4,,,
Canton,2022,16,10,3313937.5,737500.0,6,,,
Carlisle,2000,1,1,360000.0,360000.0,0,,,
Carlisle,2002,1,1,275000.0,275000.0,0,,,
Carlisle,2003,1,1,1365000.0,1365000.0,0,,,
Carlisle,2005,2,2,937500.0,937500.0,0,,,
Carlisle,2006,1,0,1300000.0,1300000.0,1,,,
Carlisle,2009,1,1,450000.0,450000.0,0,,,
Carlisle,2011,1,1,1500000.0,1500000.0,0,,,
Carlisle,2012,2,2,602500.0,602500.0,0,,,
Carlisle,2015,1,1,2900000.0,2900000.0,0,,,
Carlisle,2016,1,1,995000.0,995000.0,0,,,
Carlisle,2017,2,2,582500.0,582500.0,0,,,
Carlisle,2018,2,2,765000.0,765000.0,0,,,
Carlisle,2019,3,3,584022.0,452066.0,0,,,
Carlisle,2020,4,3,1120000.0,1077500.0,1,,,
Carlisle,2021,1,1,900000.0,900000.0,0,,,
Carlisle,2022,3,3,976666.6666666666,720000.0,0,,,
Chelsea,2000,5,2,518200.0,161000.0,3,,,
Chelsea,2002,4,2,220875.0,257500.0,2,,,
Chelsea,2004,2,1,457500.0,457500.0,1,,,
Chelsea,2005,3,3,1279791.3333333333,623194.0,0,,,
Chelsea,2006,4,4,464500.0,396500.0,0,,,
Chelsea,2007,13,12,420396.23076923075,300000.0,1,,,
Chelsea,2008,6,5,648500.0,255000.0,1,,,
Chelsea,2009,14,13,376014.28571428574,230500.0,1,,,
Chelsea,2010,10,8,567900.0,280000.0,2,,,
Chelsea,2011,25,21,484775.04,245000.0,4,,,
Chelsea,2012,17,16,870920.5882352941,325000.0,1,,,
Chelsea,2013,18,17,605290.8333333334,231617.0,1,,,
Chelsea,2014,17,12,1615147.1176470588,283500.0,5,,,
Chelsea,2015,33,31,385091.69696969696,376000.0,2,,,
Chelsea,2016,41,37,881243.6585365854,380000.0,4,,,
Chelsea,2017,29,28,1017379.3448275862,575000.0,1,,,
Chelsea,2018,45,40,1589881.7333333334,1200000.0,5,,,
Chelsea,2019,38,33,4307145.078947368,897500.0,5,,,
Chelsea,2020,18,18,1295944.5555555555,625000.0,0,,,
Chelsea,2021,24,24,1578666.7083333333,1028000.0,0,,,
Chelsea,2022,20,19,2373850.0,900000.0,1,,,
Cohasset,2000,1,0,410000.0,410000.0,1,,,
Cohasset,2003,1,0,315000.0,315000.0,1,,,
Cohasset,2004,1,1,675000.0,675000.0,0,,,
Cohasset,2005,4,3,1653125.0,791250.0,1,,,
Cohasset,2006,4,2,1426250.0,910000.0,2,,,
Cohasset,2007,3,3,375000.0,350000.0,0,,,
Cohasset,2008,1,0,1000000.0,1000000.0,1,,,
Cohasset,2010,2,1,1232500.0,1232500.0,1,,,
Cohasset,2011,2,1,750000.0,750000.0,1,,,
Cohasset,2012,2,2,825000.0,825000.0,0,,,
Cohasset,2013,3,3,2196666.6666666665,1200000.0,0,,,
Cohasset,2014,6,6,461608.1666666667,372500.0,0,,,
Cohasset,2015,5,4,1771300.0,800000.0,1,,,
Cohasset,2016,8,7,787843.75,487500.0,1,,,
Cohasset,2017,4,3,671863.25,681726.5,1,,,
Cohasset,2018,10,9,2130750.7,1082500.0,1,,,
Cohasset,2019,3,2,1700000.0,1350000.0,1,,,
Cohasset,2020,2,2,1056250.0,1056250.0,0,,,
Cohasset,2021,9,9,1797222.2222222222,1675000.0,0,,,
Cohasset,2022,8,7,3235000.0,1950000.0,1,,,
Concord,2000,3,3,745000.0,630000.0,0,,,
Concord,2001,9,6,514251.6666666667,449000.0,3,,,
Concord,2002,7,5,856964.2857142857,363000.0,2,,,
Concord,2003,3,2,404180.0,420000.0,1,,,
Concord,2004,9,8,5668777.777777778,939000.0,1,,,
Concord,2005,4,4,1432500.0,650000.0,0,,,
Concord,2006,2,1,201000.0,201000.0,1,,,
Concord,2007,6,6,1223333.3333333333,570000.0,0,,,
Concord,2008,9,9,4502333.333333333,671000.0,0,,,
Concord,2009,5,4,653570.0,605000.0,1,,,
Concord,2010,9,9,362388.8888888889,330000.0,0,,,
Concord,2011,3,3,500200.0,342600.0,0,,,
Concord,2012,12,11,1050768.3333333333,649500.0,1,,,
Concord,2013,12,7,582572.9166666666,466687.5,5,,,
Concord,2014,11,9,918181.8181818182,860000.0,2,,,
Concord,2015,16,16,700843.75,645000.0,0,,,
Concord,2016,17,15,4696876.470588235,749500.0,2,,,
Concord,2017,4,4,709750.0,659500.0,0,,,
Concord,2018,12,11,848140.6666666666,730000.0,1,,,
Concord,2019,11,11,1059363.7272727273,650000.0,0,,,
Concord,2020,6,6,1291500.0,952500.0,0,,,
Concord,2021,17,17,1595070.8823529412,1200000.0,0,,,
Concord,2022,13,12,1725848.3076923077,1025000.0,1,,,
Danvers,2000,9,7,279166.6666666667,205000.0,2,,,
Danvers,2001,8,6,1283137.5,399000.0,2,,,
Danvers,2002,8,6,379559.875,342500.0,2,,,
Danvers,2003,8,6,414625.0,245000.0,2,,,
Danvers,2004,6,6,295020.8333333333,300000.0,0,,,
Danvers,2005,6,5,709750.0,405000.0,1,,,
Danvers,2006,2,2,2972500.0,2972500.0,0,,,
Danvers,2007,3,2,1180679.6666666667,305000.0,1,,,
Danvers,2008,7,6,2873000.0,1640000.0,1,,,
Danvers,2009,10,7,4872528.0,385000.0,3,,,
Danvers,2010,4,2,1075500.0,446000.0,2,,,
Danvers,2011,8,6,821660.0,263000.0,2,,,
Danvers,2012,7,6,1283285.7142857143,410000.0,1,,,
Danvers,2013,8,6,1284312.5,473750.0,2,,,
Danvers,2014,8,8,717687.375,388749.5,0,,,
Danvers,2015,10,9,2439309.8,692270.5,1,,,
Danvers,2016,10,10,1575639.9,553199.5,0,,,
Danvers,2017,11,11,376727.2727272727,335000.0,0,,,
Danvers,2018,17,16,704058.8235294118,395000.0,1,,,
Danvers,2019,17,17,1839308.8235294118,625000.0,0,,,
Danvers,2020,16,13,752468.75,542500.0,3,,,
Danvers,2021,17,16,712775.5882352941,599900.0,1,,,
Danvers,2022,22,10,1330563.6363636365,612500.0,12,,,
Dedham,2001,1,0,228000.0,228000.0,1,,,
Dedham,2002,1,1,500000.0,500000.0,0,,,
Dedham,2003,5,3,445400.0,437000.0,2,,,
Dedham,2004,4,3,630250.0,445500.0,1,,,
Dedham,2005,7,4,363428.5714285714,325000.0,3,,,
Dedham,2006,7,5,797561.4285714285,370000.0,2,,,
Dedham,2007,8,6,863937.5,403750.0,2,,,
Dedham,2008,8,6,408938.5,286552.5,2,,,
Dedham,2009,3,3,497333.3333333333,375000.0,0,,,
Dedham,2010,2,2,242500.0,242500.0,0,,,
Dedham,2011,3,3,105666.66666666667,156000.0,0,,,
Dedham,2012,7,7,958857.1428571428,765000.0,0,,,
Dedham,2013,7,6,392142.85714285716,365000.0,1,,,
Dedham,2014,6,6,271000.0,282500.0,0,,,
Dedham,2015,11,10,1987636.3636363635,290000.0,1,,,
Dedham,2016,15,13,387683.3333333333,323000.0,2,,,
Dedham,2017,12,12,791125.0,400000.0,0,,,
Dedham,2018,15,14,478366.6666666667,400000.0,1,,,
Dedham,2019,15,13,431480.0,330100.0,2,,,
Dedham,2020,8,8,1543875.0,381500.0,0,,,
Dedham,2021,14,13,631454.2857142857,430000.0,1,,,
Dedham,2022,18,14,9018972.222222222,705000.0,4,,,
Dover,2003,4,4,1341250.0,1287500.0,0,,,
Dover,2004,1,1,578000.0,578000.0,0,,,
Dover,2005,1,1,1100000.0,1100000.0,0,,,
Dover,2006,2,2,1662500.0,1662500.0,0,,,
Dover,2007,1,1,3800000.0,3800000.0,0,,,
Dover,2008,2,2,1237500.0,1237500.0,0,,,
Dover,2009,3,1,1507000.0,1375000.0,2,,,
Dover,2010,1,1,537500.0,537500.0,0,,,
Dover,2011,6,6,1601912.0,1229236.0,0,,,
Dover,2012,2,2,562500.0,562500.0,0,,,
Dover,2013,8,8,1545412.5,1450000.0,0,,,
Dover,2014,3,3,1048000.0,495000.0,0,,,
Dover,2015,4,4,1087500.0,675000.0,0,,,
Dover,2016,9,9,1646888.888888889,700000.0,0,,,
Dover,2017,4,4,1302625.0,1125000.0,0,,,
Dover,2018,6,6,1567500.0,1225000.0,0,,,
Dover,2019,5,5,1034700.0,875000.0,0,,,
Dover,2020,10,10,1096000.0,685000.0,0,,,
Dover,2021,10,10,1413651.7,937500.0,0,,,
Dover,2022,12,12,1772583.3333333333,1212500.0,0,,,
Duxbury,2000,4,3,323000.0,345000.0,1,,,
Duxbury,2001,6,4,319833.3333333333,204500.0,2,,,
Duxbury,2002,3,3,403333.3333333333,140000.0,0,,,
Duxbury,2004,2,2,75000.0,75000.0,0,,,
Duxbury,2005,1,1,896000.0,896000.0,0,,,
Duxbury,2007,1,1,150000.0,150000.0,0,,,
Duxbury,2009,1,1,430000.0,430000.0,0,,,
Duxbury,2010,2,2,1450500.0,1450500.0,0,,,
Duxbury,2011,2,1,1292500.0,1292500.0,1,,,
Duxbury,2012,5,5,498000.0,350000.0,0,,,
Duxbury,2013,2,2,1613334.5,1613334.5,0,,,
Duxbury,2014,6,6,1172891.1666666667,837500.0,0,,,
Duxbury,2015,5,5,451000.0,515000.0,0,,,
Duxbury,2016,10,10,1058162.7,765000.0,0,,,
Duxbury,2017,6,6,528694.1666666666,502082.5,0,,,
Duxbury,2018,6,4,850166.6666666666,637500.0,2,,,
Duxbury,2019,2,2,1887500.0,1887500.0,0,,,
Duxbury,2020,6,6,1118916.6666666667,708000.0,0,,,
Duxbury,2021,5,5,1084000.2,660000.0,0,,,
Duxbury,2022,5,5,2050000.0,1950000.0,0,,,
Essex,2000,2,1,317500.0,317500.0,1,,,
Essex,2001,2,2,475000.0,475000.0,0,,,
Essex,2005,1,1,250000.0,250000.0,0,,,
Essex,2007,1,1,225000.0,225000.0,0,,,
Essex,2009,1,1,300000.0,300000.0,0,,,
Essex,2010,2,2,1057100.0,1057100.0,0,,,
Essex,2012,1,1,755000.0,755000.0,0,,,
Essex,2014,2,0,310812.5,310812.5,2,,,
Essex,2015,3,2,338000.0,375000.0,1,,,
Essex,2016,2,2,462500.0,462500.0,0,,,
Essex,2017,3,3,408000.0,399000.0,0,,,
Essex,2018,4,4,700783.0,674500.0,0,,,
Essex,2019,2,2,375000.0,375000.0,0,,,
Essex,2020,2,2,549500.0,549500.0,0,,,
Essex,2021,3,3,566333.3333333334,550000.0,0,,,
Essex,2022,3,3,3761666.6666666665,1200000.0,0,,,
Everett,2000,8,6,265612.5,214950.0,2,,,
Everett,2001,8,7,343587.5,242450.0,1,,,
Everett,2002,1,1,525000.0,525000.0,0,,,
Everett,2003,6,5,1369166.6666666667,397500.0,1,,,
Everett,2004,6,2,396666.6666666667,380000.0,4,,,
Everett,2005,4,2,298485.75,263387.5,2,,,
Everett,2006,14,11,517857.14285714284,437500.0,3,,,
Everett,2007,13,12,388319.0,300000.0,1,,,
Everett,2008,5,3,420980.0,389900.0,2,,,
Everett,2009,6,4,297729.1666666667,285000.0,2,,,
Everett,2010,12,10,283916.6666666667,305000.0,2,,,
Everett,2011,13,12,333576.92307692306,190000.0,1,,,
Everett,2012,5,5,432786.0,277500.0,0,,,
Everett,2013,15,14,718383.3333333334,330000.0,1,,,
Everett,2014,13,12,1452153.8461538462,450000.0,1,,,
Everett,2015,11,11,567681.8181818182,415000.0,0,,,
Everett,2016,26,23,849673.0384615385,625000.0,3,,,
Everett,2017,38,38,772750.0,700000.0,0,,,
Everett,2018,46,44,1465370.9130434783,770000.0,2,,,
Everett,2019,32,31,770513.0625,692250.0,1,,,
Everett,2020,22,21,540727.6818181818,519500.0,1,,,
Everett,2021,35,32,1921928.5714285714,1100000.0,3,,,
Everett,2022,25,25,893680.08,789000.0,0,,,
Foxborough,2002,1,1,373000.0,373000.0,0,,,
Foxborough,2004,4,4,1617500.0,1097500.0,0,,,
Foxborough,2006,4,4,1360875.0,971250.0,0,,,
Foxborough,2007,5,4,2775600.0,1450000.0,1,,,
Foxborough,2008,1,1,840000.0,840000.0,0,,,
Foxborough,2009,1,1,135000.0,135000.0,0,,,
Foxborough,2010,1,1,210000.0,210000.0,0,,,
Foxborough,2011,2,2,387500.0,387500.0,0,,,
Foxborough,2012,4,3,2643500.0,770000.0,1,,,
Foxborough,2013,1,0,137500.0,137500.0,1,,,
Foxborough,2014,2,2,425000.5,425000.5,0,,,
Foxborough,2015,8,7,421812.625,358500.0,1,,,
Foxborough,2017,2,2,340000.0,340000.0,0,,,
Foxborough,2018,7,6,635700.0,600000.0,1,,,
Foxborough,2019,7,6,429695.28571428574,395000.0,1,,,
Foxborough,2020,2,1,1938500.0,1938500.0,1,,,
Foxborough,2021,5,4,2574800.0,834000.0,1,,,
Foxborough,2022,8,7,2058125.0,455000.0,1,,,
Framingham,2000,5,4,380800.0,500000.0,1,,,
Framingham,2001,6,4,1755833.3333333333,1325000.0,2,,,
Framingham,2002,8,7,507987.5,410000.0,1,,,
Framingham,2003,11,8,2380104.5454545454,225000.0,3,,,
Framingham,2004,17,16,3519705.882352941,545000.0,1,,,
Framingham,2005,11,6,1039363.6363636364,335500.0,5,,,
Framingham,2006,13,11,759076.9230769231,430000.0,2,,,
Framingham,2007,14,14,1331785.7142857143,702500.0,0,,,
Framingham,2008,17,17,213235.35294117648,145000.0,0,,,
Framingham,2009,17,15,193317.64705882352,120000.0,2,,,
Framingham,2010,18,17,332938.8888888889,250000.0,1,,,
Framingham,2011,8,6,677968.75,181875.0,2,,,
Framingham,2012,23,21,338956.52173913043,200000.0,2,,,
Framingham,2013,21,20,1172860.7142857143,322000.0,1,,,
Framingham,2014,27,23,318607.4074074074,338000.0,4,,,
Framingham,2015,23,22,440869.5652173913,300000.0,1,,,
Framingham,2016,41,39,640670.7073170731,470000.0,2,,,
Framingham,2017,28,27,547121.4285714285,391750.0,1,,,
Framingham,2018,31,28,1060435.5161290322,380000.0,3,,,
Framingham,2019,28,22,32895183.82142857,485000.0,6,,,
Framingham,2020,37,34,6420281.189189189,510000.0,3,,,
Framingham,2021,28,23,2188142.9285714286,660500.0,5,,,
Framingham,2022,46,43,5918115.304347826,597450.0,3,,,
Franklin,2000,1,0,265000.0,265000.0,1,,,
Franklin,2001,2,2,140000.0,140000.0,0,,,
Franklin,2002,2,2,182250.0,182250.0,0,,,
Franklin,2003,9,7,461778.8888888889,380000.0,2,,,
Franklin,2004,5,4,3989600.0,940000.0,1,,,
Franklin,2005,10,10,259476.6,229049.5,0,,,
Franklin,2006,4,4,327867.0,350000.0,0,,,
Franklin,2007,1,1,590000.0,590000.0,0,,,
Franklin,2008,6,6,1601241.5,590000.0,0,,,
Franklin,2009,4,4,916250.0,500000.0,0,,,
Franklin,2010,4,3,3561750.0,652082.5,1,,,
Franklin,2011,4,4,261375.0,245000.0,0,,,
Franklin,2012,5,5,341500.0,252500.0,0,,,
Franklin,2013,6,5,3656325.0,522975.0,1,,,
Franklin,2014,5,5,1512420.0,1160000.0,0,,,
Franklin,2015,5,4,4401434.4,5500000.0,1,,,
Franklin,2016,11,11,440909.0909090909,325000.0,0,,,
Franklin,2017,9,7,1082664.111111111,270000.0,2,,,
Franklin,2018,10,10,1371451.8,225000.0,0,,,
Franklin,2019,12,10,1852741.6666666667,362450.0,2,,,
Franklin,2020,10,10,1346264.3,365000.0,0,,,
Franklin,2021,7,6,1420714.2857142857,1025000.0,1,,,
Franklin,2022,9,9,1573333.3333333333,590000.0,0,,,
Gloucester,2000,13,12,315563.53846153844,265000.0,1,,,
Gloucester,2001,6,5,401500.0,300000.0,1,,,
Gloucester,2002,10,9,653950.0,330000.0,1,,,
Gloucester,2003,12,9,450166.6666666667,400000.0,3,,,
Gloucester,2004,10,8,1031000.0,482500.0,2,,,
Gloucester,2005,4,4,2084817.75,532135.5,0,,,
Gloucester,2006,1,0,609875.0,609875.0,1,,,
Gloucester,2007,2,1,760000.0,760000.0,1,,,
Gloucester,2008,8,8,472812.5,387500.0,0,,,
Gloucester,2009,6,4,269750.0,270000.0,2,,,
Gloucester,2010,13,11,433720.46153846156,270000.0,2,,,
Gloucester,2011,11,11,574172.7272727273,500000.0,0,,,
Gloucester,2012,19,16,589329.6842105263,425000.0,3,,,
Gloucester,2013,27,25,436870.48148148146,264000.0,2,,,
Gloucester,2014,31,26,782298.7096774194,450000.0,5,,,
Gloucester,2015,19,17,687042.1578947369,520000.0,2,,,
Gloucester,2016,20,18,644200.0,334500.0,2,,,
Gloucester,2017,20,19,678675.0,385000.0,1,,,
Gloucester,2018,22,18,1710636.4090909092,552500.0,4,,,
Gloucester,2019,19,19,547111.7368421053,440000.0,0,,,
Gloucester,2020,20,18,1338699.35,1082500.0,2,,,
Gloucester,2021,29,28,1761677.7931034483,660000.0,1,,,
Gloucester,2022,26,26,1831092.3076923077,1566750.0,0,,,
Hamilton,2001,2,2,572500.0,572500.0,0,,,
Hamilton,2003,3,1,563000.0,475000.0,2,,,
Hamilton,2005,2,1,1668750.0,1668750.0,1,,,
Hamilton,2008,1,1,675000.0,675000.0,0,,,
Hamilton,2010,2,0,620000.0,620000.0,2,,,
Hamilton,2011,1,1,234000.0,234000.0,0,,,
Hamilton,2012,3,3,341666.6666666667,200000.0,0,,,
Hamilton,2013,3,3,678333.3333333334,510000.0,0,,,
Hamilton,2014,3,3,1046666.6666666666,472500.0,0,,,
Hamilton,2015,1,1,405000.0,405000.0,0,,,
Hamilton,2016,2,2,431500.0,431500.0,0,,,
Hamilton,2017,5,4,593680.0,450000.0,1,,,
Hamilton,2018,2,0,273750.0,273750.0,2,,,
Hamilton,2019,1,1,260000.0,260000.0,0,,,
Hamilton,2020,6,5,824037.1666666666,644611.5,1,,,
Hamilton,2021,1,1,1130000.0,1130000.0,0,,,
Hamilton,2022,2,2,998750.0,998750.0,0,,,
Hanover,2000,5,3,256000.0,180000.0,2,,,
Hanover,2001,7,4,345600.0,250000.0,3,,,
Hanover,2002,2,1,325354.5,325354.5,1,,,
Hanover,2003,6,6,365125.0,335475.0,0,,,
Hanover,2004,2,2,306500.0,306500.0,0,,,
Hanover,2005,8,8,668309.25,541000.0,0,,,
Hanover,2006,4,4,390000.0,382500.0,0,,,
Hanover,2007,5,4,964000.0,545000.0,1,,,
Hanover,2008,3,2,1321666.6666666667,395000.0,1,,,
Hanover,2009,5,5,1227000.0,1430000.0,0,,,
Hanover,2010,4,3,9702500.0,902500.0,1,,,
Hanover,2011,7,5,331857.14285714284,335000.0,2,,,
Hanover,2012,7,7,1254571.4285714286,600000.0,0,,,
Hanover,2013,4,4,205500.0,141000.0,0,,,
Hanover,2014,8,8,916875.0,395000.0,0,,,
Hanover,2015,9,9,1075555.5555555555,528750.0,0,,,
Hanover,2016,7,5,685428.5714285715,499000.0,2,,,
Hanover,2017,7,5,444919.14285714284,357000.0,2,,,
Hanover,2018,7,5,365857.28571428574,300000.0,2,,,
Hanover,2019,6,6,415000.0,315000.0,0,,,
Hanover,2020,5,4,1450701.0,500000.0,1,,,
Hanover,2021,17,17,1296882.4705882352,662500.0,0,,,
Hanover,2022,10,9,681700.1,458250.0,1,,,
Hingham,2000,6,3,802750.0,406250.0,3,,,
Hingham,2001,4,3,438625.0,487750.0,1,,,
Hingham,2002,3,2,390500.0,275000.0,1,,,
Hingham,2003,5,4,286480.0,280000.0,1,,,
Hingham,2004,9,9,906295.6666666666,750000.0,0,,,
Hingham,2005,11,9,816639.6363636364,460000.0,2,,,
Hingham,2006,4,3,806225.0,630000.0,1,,,
Hingham,2007,13,11,1209162.2307692308,884693.0,2,,,
Hingham,2008,3,2,778533.3333333334,800000.0,1,,,
Hingham,2009,6,5,850428.6666666666,592500.0,1,,,
Hingham,2010,8,7,825000.0,555000.0,1,,,
Hingham,2011,8,8,516125.0,452000.0,0,,,
Hingham,2012,9,9,1241444.4444444445,750000.0,0,,,
Hingham,2013,11,11,496181.8181818182,365000.0,0,,,
Hingham,2014,9,8,651722.2222222222,365000.0,1,,,
Hingham,2015,10,9,1261950.0,645000.0,1,,,
Hingham,2016,20,19,811400.0,499500.0,1,,,
Hingham,2017,13,12,1248492.4615384615,775000.0,1,,,
Hingham,2018,19,17,1355789.4210526317,1050000.0,2,,,
Hingham,2019,11,10,1125181.8181818181,705000.0,1,,,
Hingham,2020,11,11,944545.4545454546,705000.0,0,,,
Hingham,2021,24,21,1165683.2083333333,833697.5,3,,,
Hingham,2022,18,16,1567222.2777777778,1188000.0,2,,,
Holbrook,2001,1,1,160000.0,160000.0,0,,,
Holbrook,2002,2,1,198750.0,198750.0,1,,,
Holbrook,2003,2,1,725000.0,725000.0,1,,,
Holbrook,2004,1,1,260000.0,260000.0,0,,,
Holbrook,2005,2,1,356500.0,356500.0,1,,,
Holbrook,2006,3,1,772666.6666666666,975000.0,2,,,
Holbrook,2007,1,1,208000.0,208000.0,0,,,
Holbrook,2008,2,2,1092500.0,1092500.0,0,,,
Holbrook,2009,1,0,563093.0,563093.0,1,,,
Holbrook,2010,3,3,67166.66666666667,71500.0,0,,,
Holbrook,2011,3,3,506666.6666666667,160000.0,0,,,
Holbrook,2012,2,0,386250.0,386250.0,2,,,
Holbrook,2013,7,4,422500.0,400000.0,3,,,
Holbrook,2014,5,4,945052.6,289000.0,1,,,
Holbrook,2015,3,3,2176804.6666666665,308000.0,0,,,
Holbrook,2016,4,3,1795725.0,360500.0,1,,,
Holbrook,2017,7,7,644185.7142857143,400000.0,0,,,
Holbrook,2018,4,3,465000.0,425000.0,1,,,
Holbrook,2019,3,3,245666.66666666666,230000.0,0,,,
Holbrook,2020,9,9,1868333.3333333333,375000.0,0,,,
Holbrook,2021,3,2,756666.6666666666,255000.0,1,,,
Holbrook,2022,7,5,2212605.714285714,470000.0,2,,,
Holliston,2000,3,2,725000.0,725000.0,1,,,
Holliston,2001,1,0,692000.0,692000.0,1,,,
Holliston,2002,6,5,717500.0,468500.0,1,,,
Holliston,2003,4,4,2013955.0,467500.0,0,,,
Holliston,2004,3,2,272000.0,260000.0,1,,,
Holliston,2005,2,2,310000.0,310000.0,0,,,
Holliston,2006,2,2,700000.0,700000.0,0,,,
Holliston,2007,9,8,1006444.4444444445,425000.0,1,,,
Holliston,2008,1,1,300000.0,300000.0,0,,,
Holliston,2009,4,4,1154375.0,1118750.0,0,,,
Holliston,2010,2,2,347650.0,347650.0,0,,,
Holliston,2011,1,1,1411000.0,1411000.0,0,,,
Holliston,2012,1,1,340000.0,340000.0,0,,,
Holliston,2013,2,2,143750.0,143750.0,0,,,
Holliston,2014,5,5,644980.0,525000.0,0,,,
Holliston,2015,4,3,490000.0,327500.0,1,,,
Holliston,2016,3,3,222000.0,176000.0,0,,,
Holliston,2017,4,3,1039750.0,1072500.0,1,,,
Holliston,2018,8,7,816625.0,432500.0,1,,,
Holliston,2019,5,5,756800.0,598000.0,0,,,
Holliston,2020,6,5,864150.0,665000.0,1,,,
Holliston,2021,4,4,443750.0,430000.0,0,,,
Holliston,2022,9,9,6106111.111111111,2050000.0,0,,,
Hopkinton,2000,2,2,297500.0,297500.0,0,,,
Hopkinton,2001,4,1,386062.5,353625.0,3,,,
Hopkinton,2003,1,1,1500000.0,1500000.0,0,,,
Hopkinton,2004,4,4,171469.75,170000.0,0,,,
Hopkinton,2006,1,1,180000.0,180000.0,0,,,
Hopkinton,2007,1,1,550000.0,550000.0,0,,,
Hopkinton,2009,1,1,200000.0,200000.0,0,,,
Hopkinton,2010,1,1,1000000.0,1000000.0,0,,,
Hopkinton,2011,3,2,300000.0,310000.0,1,,,
Hopkinton,2012,1,1,388000.0,388000.0,0,,,
Hopkinton,2013,3,2,610800.0,487400.0,1,,,
Hopkinton,2014,6,6,278916.6666666667,294250.0,0,,,
Hopkinton,2015,5,5,1420840.0,480000.0,0,,,
Hopkinton,2016,5,4,945800.0,219000.0,1,,,
Hopkinton,2017,5,5,811100.0,459500.0,0,,,
Hopkinton,2018,5,5,433000.0,335000.0,0,,,
Hopkinton,2019,3,3,158334.0,1.0,0,,,
Hopkinton,2020,5,5,510000.2,400000.0,0,,,
Hopkinton,2021,4,4,1155937.5,1101875.0,0,,,
Hopkinton,2022,4,3,425000.25,550000.0,1,,,
Hudson,2000,4,4,464000.0,470000.0,0,,,
Hudson,2001,2,1,5395000.0,5395000.0,1,,,
Hudson,2002,4,3,245000.0,245000.0,1,,,
Hudson,2003,7,6,442571.4285714286,200000.0,1,,,
Hudson,2004,4,4,331250.0,375000.0,0,,,
Hudson,2005,7,7,584985.7142857143,280000.0,0,,,
Hudson,2006,3,3,686419.0,434000.0,0,,,
Hudson,2007,4,4,2537893.75,2338000.0,0,,,
Hudson,2008,4,3,2785475.0,342450.0,1,,,
Hudson,2009,3,3,754166.6666666666,300000.0,0,,,
Hudson,2010,1,1,159000.0,159000.0,0,,,
Hudson,2011,6,4,463891.6666666667,346800.0,2,,,
Hudson,2012,5,4,512980.0,244900.0,1,,,
Hudson,2013,5,4,220000.0,205000.0,1,,,
Hudson,2014,9,8,608655.5555555555,340000.0,1,,,
Hudson,2015,8,7,306000.0,299000.0,1,,,
Hudson,2016,7,7,406246.14285714284,415000.0,0,,,
Hudson,2017,11,10,1260263.6363636365,395000.0,1,,,
Hudson,2018,12,11,991833.3333333334,600000.0,1,,,
Hudson,2019,9,9,397496.22222222225,290000.0,0,,,
Hudson,2020,9,9,504555.6666666667,375000.0,0,,,
Hudson,2021,15,15,1249433.4666666666,500000.0,0,,,
Hudson,2022,17,17,1531882.4117647058,515000.0,0,,,
Hull,2000,5,4,204400.0,220500.0,1,,,
Hull,2002,4,3,286550.0,245600.0,1,,,
Hull,2003,1,0,1000000.0,1000000.0,1,,,
Hull,2004,2,2,357500.0,357500.0,0,,,
Hull,2005,4,3,899975.0,625000.0,1,,,
Hull,2006,3,2,264666.6666666667,250000.0,1,,,
Hull,2007,2,2,675000.0,675000.0,0,,,
Hull,2008,3,2,280000.0,265000.0,1,,,
Hull,2009,2,2,247500.0,247500.0,0,,,
Hull,2010,3,2,410000.0,180000.0,1,,,
Hull,2011,5,5,514500.0,325000.0,0,,,
Hull,2012,5,5,374226.0,286000.0,0,,,
Hull,2013,4,3,184375.0,158750.0,1,,,
Hull,2014,2,1,332500.0,332500.0,1,,,
Hull,2015,2,2,705000.0,705000.0,0,,,
Hull,2016,11,8,444772.7272727273,434500.0,3,,,
Hull,2017,8,7,533812.5,423750.0,1,,,
Hull,2018,8,7,306250.0,281250.0,1,,,
Hull,2019,4,4,863500.0,999500.0,0,,,
Hull,2020,5,5,770200.0,780000.0,0,,,
Hull,2021,4,3,231500.25,218000.0,1,,,
Hull,2022,9,6,792666.6666666666,500000.0,3,,,
Ipswich,2000,6,5,226583.33333333334,186250.0,1,,,
Ipswich,2001,3,3,416650.0,450000.0,0,,,
Ipswich,2002,3,2,569863.0,320000.0,1,,,
Ipswich,2003,2,2,457500.0,457500.0,0,,,
Ipswich,2006,3,3,1075000.0,800000.0,0,,,
Ipswich,2007,1,1,599900.0,599900.0,0,,,
Ipswich,2009,3,3,724166.6666666666,662500.0,0,,,
Ipswich,2010,5,5,428350.0,244250.0,0,,,
Ipswich,2011,5,5,193900.0,212000.0,0,,,
Ipswich,2012,11,7,225152.36363636365,217000.0,4,,,
Ipswich,2013,6,5,398583.3333333333,280000.0,1,,,
Ipswich,2014,6,4,551633.3333333334,580000.0,2,,,
Ipswich,2015,4,4,243750.0,255000.0,0,,,
Ipswich,2016,8,7,924134.375,847087.5,1,,,
Ipswich,2017,7,6,686428.5714285715,800000.0,1,,,
Ipswich,2018,5,4,558000.0,345000.0,1,,,
Ipswich,2019,6,5,1597316.6666666667,937500.0,1,,,
Ipswich,2020,9,7,619388.8888888889,525000.0,2,,,
Ipswich,2021,2,1,540000.0,540000.0,1,,,
Ipswich,2022,7,6,1692714.2857142857,700000.0,1,,,
Lexington,2000,7,6,1806571.4285714286,370000.0,1,,,
Lexington,2001,9,8,782722.2222222222,435000.0,1,,,
Lexington,2002,12,9,514908.3333333333,457750.0,3,,,
Lexington,2003,4,4,1982250.0,454500.0,0,,,
Lexington,2004,12,10,1215833.3333333333,727500.0,2,,,
Lexington,2005,16,13,1431093.75,710000.0,3,,,
Lexington,2006,5,5,1184000.0,465000.0,0,,,
Lexington,2007,17,16,777403.0588235294,670000.0,1,,,
Lexington,2008,11,9,830090.9090909091,500000.0,2,,,
Lexington,2009,6,6,679500.0,409500.0,0,,,
Lexington,2010,10,10,495000.0,392500.0,0,,,
Lexington,2011,17,15,585748.2941176471,500000.0,2,,,
Lexington,2012,22,20,2501152.3181818184,455000.0,2,,,
Lexington,2013,25,23,1965900.0,550000.0,2,,,
Lexington,2014,28,26,1209747.5714285714,575000.0,2,,,
Lexington,2015,35,35,664435.0,650000.0,0,,,
Lexington,2016,27,27,2419074.074074074,680000.0,0,,,
Lexington,2017,38,38,1189513.1578947369,755000.0,0,,,
Lexington,2018,27,27,960351.8518518518,820000.0,0,,,
Lexington,2019,27,25,1288311.851851852,761000.0,2,,,
Lexington,2020,25,24,5601141.6,925000.0,1,,,
Lexington,2021,40,40,1136375.0,898750.0,0,,,
Lexington,2022,43,40,5153901.186046512,1175000.0,3,,,
Lincoln,2000,1,0,2225000.0,2225000.0,1,,,
Lincoln,2001,4,4,611225.0,552500.0,0,,,
Lincoln,2002,1,1,660000.0,660000.0,0,,,
Lincoln,2003,3,2,1379000.0,1100000.0,1,,,
Lincoln,2004,3,2,1789583.3333333333,1590000.0,1,,,
Lincoln,2007,3,3,1518333.3333333333,2025000.0,0,,,
Lincoln,2008,5,5,1627000.0,1500000.0,0,,,
Lincoln,2009,2,1,1312500.0,1312500.0,1,,,
Lincoln,2011,2,2,1655000.0,1655000.0,0,,,
Lincoln,2012,3,3,344333.3333333333,277000.0,0,,,
Lincoln,2014,1,1,661800.0,661800.0,0,,,
Lincoln,2015,3,3,911666.6666666666,850000.0,0,,,
Lincoln,2016,2,2,1065000.0,1065000.0,0,,,
Lincoln,2017,2,2,1098500.0,1098500.0,0,,,
Lincoln,2018,3,3,413833.6666666667,579000.0,0,,,
Lincoln,2019,2,1,802500.0,802500.0,1,,,
Lincoln,2020,2,2,3449500.0,3449500.0,0,,,
Lincoln,2021,5,4,2016400.0,1285000.0,1,,,
Lincoln,2022,5,3,1943000.0,2850000.0,2,,,
Littleton,2000,2,1,462500.0,462500.0,1,,,
Littleton,2001,3,2,345000.0,385000.0,1,,,
Littleton,2002,1,1,425000.0,425000.0,0,,,
Littleton,2004,3,3,1171666.6666666667,315000.0,0,,,
Littleton,2005,1,1,4300000.0,4300000.0,0,,,
Littleton,2006,1,1,275000.0,275000.0,0,,,
Littleton,2008,1,1,371000.0,371000.0,0,,,
Littleton,2009,1,1,110000.0,110000.0,0,,,
Littleton,2010,1,1,650000.0,650000.0,0,,,
Littleton,2011,2,2,1123650.0,1123650.0,0,,,
Littleton,2012,1,1,3350000.0,3350000.0,0,,,
Littleton,2013,3,3,264719.6666666667,307500.0,0,,,
Littleton,2014,7,7,498300.0,390000.0,0,,,
Littleton,2015,3,2,1003333.3333333334,500000.0,1,,,
Littleton,2016,5,5,1156000.0,1050000.0,0,,,
Littleton,2017,5,4,1604400.0,625000.0,1,,,
Littleton,2018,3,1,17345300.0,399900.0,2,,,
Littleton,2019,5,4,787000.2,250000.0,1,,,
Littleton,2020,4,4,3257275.0,2635000.0,0,,,
Littleton,2021,4,4,6089250.0,1488500.0,0,,,
Littleton,2022,6,4,1493750.1666666667,1650000.0,2,,,
Lynn,2000,17,12,235464.70588235295,171000.0,5,,,
Lynn,2001,31,28,497235.48387096776,185000.0,3,,,
Lynn,2002,14,12,288492.85714285716,249950.0,2,,,
Lynn,2003,14,11,439857.14285714284,317000.0,3,,,
Lynn,2004,16,13,435931.25,234000.0,3,,,
Lynn,2005,11,5,526195.8181818182,241000.0,6,,,
Lynn,2006,9,7,629479.0,390000.0,2,,,
Lynn,2007,11,8,761409.0909090909,600000.0,3,,,
Lynn,2008,21,17,236373.80952380953,175000.0,4,,,
Lynn,2009,26,17,178541.34615384616,149950.0,9,,,
Lynn,2010,22,20,230030.31818181818,152583.5,2,,,
Lynn,2011,28,20,462867.10714285716,130000.0,8,,,
Lynn,2012,26,20,889369.2307692308,200000.0,6,,,
Lynn,2013,33,30,547373.6363636364,325000.0,3,,,
Lynn,2014,27,22,3365324.074074074,350000.0,5,,,
Lynn,2015,30,23,902602.9333333333,140500.0,7,,,
Lynn,2016,32,31,316384.375,239200.0,1,,,
Lynn,2017,30,23,314126.6666666667,279500.0,7,,,
Lynn,2018,27,23,524471.8148148148,350000.0,4,,,
Lynn,2019,25,21,547860.0,345000.0,4,,,
Lynn,2020,23,19,950804.3478260869,466000.0,4,,,
Lynn,2021,45,39,3978859.7333333334,850000.0,6,,,
Lynn,2022,53,50,1887869.8113207547,795000.0,3,,,
Lynnfield,2000,2,1,421000.0,421000.0,1,,,
Lynnfield,2002,3,1,431666.6666666667,340000.0,2,,,
Lynnfield,2003,3,2,1015333.3333333334,404000.0,1,,,
Lynnfield,2004,3,3,1373333.3333333333,685000.0,0,,,
Lynnfield,2005,4,4,418750.0,455000.0,0,,,
Lynnfield,2007,2,1,490750.0,490750.0,1,,,
Lynnfield,2008,4,3,623250.0,614000.0,1,,,
Lynnfield,2009,1,1,235000.0,235000.0,0,,,
Lynnfield,2011,1,1,300000.0,300000.0,0,,,
Lynnfield,2012,5,4,4076000.0,6625000.0,1,,,
Lynnfield,2013,3,3,725000.0,500000.0,0,,,
Lynnfield,2014,2,2,490000.0,490000.0,0,,,
Lynnfield,2015,4,3,534475.0,372450.0,1,,,
Lynnfield,2016,6,6,1044700.0,439100.0,0,,,
Lynnfield,2017,6,5,412416.6666666667,374000.0,1,,,
Lynnfield,2018,6,6,429333.3333333333,399000.0,0,,,
Lynnfield,2019,5,5,495000.0,510000.0,0,,,
Lynnfield,2020,5,5,704000.0,490000.0,0,,,
Lynnfield,2021,14,14,673678.5714285715,630500.0,0,,,
Lynnfield,2022,6,5,1014000.0,875000.0,1,,,
Malden,2000,8,6,404062.5,278750.0,2,,,
Malden,2001,6,5,634500.0,675000.0,1,,,
Malden,2002,7,5,283714.28571428574,264000.0,2,,,
Malden,2003,11,7,920090.9090909091,735000.0,4,,,
Malden,2004,10,7,714950.0,444750.0,3,,,
Malden,2005,14,14,2585168.5,703250.0,0,,,
Malden,2006,8,6,370000.0,270000.0,2,,,
Malden,2007,8,7,385028.75,288665.0,1,,,
Malden,2008,8,6,336464.375,342500.0,2,,,
Malden,2009,7,7,672214.2857142857,475000.0,0,,,
Malden,2010,11,10,897918.1818181818,251100.0,1,,,
Malden,2011,13,11,1036384.6153846154,300000.0,2,,,
Malden,2012,9,9,334911.1111111111,195000.0,0,,,
Malden,2013,19,16,1218565.7894736843,550000.0,3,,,
Malden,2014,16,16,930800.0,347500.0,0,,,
Malden,2015,13,12,1471615.3846153845,550000.0,1,,,
Malden,2016,28,25,4657442.857142857,650000.0,3,,,
Malden,2017,13,11,765923.0769230769,570000.0,2,,,
Malden,2018,24,23,1420416.6666666667,615000.0,1,,,
Malden,2019,19,15,2429868.4210526315,1450000.0,4,,,
Malden,2020,22,21,1215500.0,692500.0,1,,,
Malden,2021,18,18,6657305.666666667,1062500.0,0,,,
Malden,2022,21,18,1857024.0,610000.0,3,,,
Manchester,2000,4,4,1062500.0,782500.0,0,,,
Manchester,2001,3,1,2228666.6666666665,537000.0,2,,,
Manchester,2002,4,4,941584.25,632500.0,0,,,
Manchester,2003,1,1,479000.0,479000.0,0,,,
Manchester,2004,2,2,446800.0,446800.0,0,,,
Manchester,2006,1,0,850000.0,850000.0,1,,,
Manchester,2008,1,1,1000000.0,1000000.0,0,,,
Manchester,2009,2,2,3466250.0,3466250.0,0,,,
Manchester,2010,4,4,1255437.5,1179625.0,0,,,
Manchester,2011,5,5,2329650.0,575000.0,0,,,
Manchester,2012,1,1,8400000.0,8400000.0,0,,,
Manchester,2013,2,0,852500.0,852500.0,2,,,
Manchester,2014,3,2,4533333.333333333,4500000.0,1,,,
Manchester,2015,3,3,594666.6666666666,699000.0,0,,,
Manchester,2017,2,2,560500.0,560500.0,0,,,
Manchester,2018,3,3,1388000.0,889000.0,0,,,
Manchester,2019,1,1,450000.0,450000.0,0,,,
Manchester,2020,7,6,3957857.1428571427,2050000.0,1,,,
Manchester,2022,2,2,2180000.0,2180000.0,0,,,
Marblehead,2000,11,9,841454.5454545454,720000.0,2,,,
Marblehead,2001,5,5,440280.0,350000.0,0,,,
Marblehead,2002,6,4,390416.6666666667,319500.0,2,,,
Marblehead,2003,7,5,367542.85714285716,355000.0,2,,,
Marblehead,2004,7,7,547142.8571428572,440000.0,0,,,
Marblehead,2005,2,1,901325.0,901325.0,1,,,
Marblehead,2006,2,2,980000.0,980000.0,0,,,
Marblehead,2007,6,5,555000.0,650000.0,1,,,
Marblehead,2008,4,4,377250.0,387000.0,0,,,
Marblehead,2009,8,7,382625.0,397000.0,1,,,
Marblehead,2010,6,6,434875.0,338500.0,0,,,
Marblehead,2011,10,10,1066900.0,824500.0,0,,,
Marblehead,2012,9,4,780306.2222222222,390000.0,5,,,
Marblehead,2013,14,11,862557.1428571428,575000.0,3,,,
Marblehead,2014,18,17,1107402.7777777778,735000.0,1,,,
Marblehead,2015,6,4,741000.0,815500.0,2,,,
Marblehead,2016,13,12,846795.6923076923,535000.0,1,,,
Marblehead,2017,13,13,845788.4615384615,642500.0,0,,,
Marblehead,2018,11,8,1751181.8181818181,1225000.0,3,,,
Marblehead,2019,10,8,703590.0,432000.0,2,,,
Marblehead,2020,10,10,994300.0,975000.0,0,,,
Marblehead,2021,17,16,1982352.9411764706,1160000.0,1,,,
Marblehead,2022,23,23,941921.2173913043,725000.0,0,,,
Marlborough,2000,12,6,229733.33333333334,227500.0,6,,,
Marlborough,2001,4,3,497500.0,440000.0,1,,,
Marlborough,2002,10,6,311469.5,327250.0,4,,,
Marlborough,2003,9,9,652977.7777777778,300000.0,0,,,
Marlborough,2004,4,4,700350.0,598200.0,0,,,
Marlborough,2005,14,14,3416214.285714286,1302500.0,0,,,
Marlborough,2006,7,7,1313071.4285714286,515000.0,0,,,
Marlborough,2007,7,7,3105184.285714286,1223790.0,0,,,
Marlborough,2008,10,10,1669600.0,757500.0,0,,,
Marlborough,2009,4,4,314250.0,215000.0,0,,,
Marlborough,2010,9,9,164066.66666666666,141000.0,0,,,
Marlborough,2011,7,5,163250.0,107000.0,2,,,
Marlborough,2012,11,11,614227.2727272727,204000.0,0,,,
Marlborough,2013,18,17,777555.5555555555,185000.0,1,,,
Marlborough,2014,13,11,539453.8461538461,270000.0,2,,,
Marlborough,2015,18,16,464333.3333333333,262500.0,2,,,
Marlborough,2016,22,22,634200.0,240000.0,0,,,
Marlborough,2017,19,16,1073988.6315789474,345000.0,3,,,
Marlborough,2018,20,20,1096598.8,250846.0,0,,,
Marlborough,2019,24,24,1161232.0,365000.0,0,,,
Marlborough,2020,14,12,1502721.5,460050.0,2,,,
Marlborough,2021,29,28,707413.8275862068,500000.0,1,,,
Marlborough,2022,45,43,1233102.3777777778,1575000.0,2,,,
Marshfield,2000,5,5,272000.0,205000.0,0,,,
Marshfield,2001,3,1,376666.6666666667,230000.0,2,,,
Marshfield,2002,2,1,157500.0,157500.0,1,,,
Marshfield,2003,3,2,1514000.0,487000.0,1,,,
Marshfield,2004,10,6,500200.0,372500.0,4,,,
Marshfield,2005,8,3,539188.125,270000.0,5,,,
Marshfield,2006,2,1,212500.0,212500.0,1,,,
Marshfield,2007,6,6,539950.0,140000.0,0,,,
Marshfield,2008,2,2,575000.0,575000.0,0,,,
Marshfield,2009,5,5,309800.0,220000.0,0,,,
Marshfield,2010,5,5,723182.0,550000.0,0,,,
Marshfield,2011,7,6,707357.1428571428,415000.0,1,,,
Marshfield,2012,7,6,460267.85714285716,493400.0,1,,,
Marshfield,2013,9,9,392222.22222222225,349000.0,0,,,
Marshfield,2014,6,6,377833.3333333333,366000.0,0,,,
Marshfield,2015,16,15,308996.875,270000.0,1,,,
Marshfield,2016,12,12,558710.4166666666,415250.0,0,,,
Marshfield,2017,15,14,343733.4,335000.0,1,,,
Marshfield,2018,8,8,817015.25,485750.0,0,,,
Marshfield,2019,11,8,679142.7272727273,640285.0,3,,,
Marshfield,2020,12,10,429245.9166666667,343975.0,2,,,
Marshfield,2021,9,9,659277.7777777778,585000.0,0,,,
Marshfield,2022,9,7,1650777.7777777778,600000.0,2,,,
Maynard,2000,5,4,86100.0,102500.0,1,,,
Maynard,2001,3,2,577666.6666666666,148000.0,1,,,
Maynard,2002,2,2,937500.0,937500.0,0,,,
Maynard,2003,1,1,350000.0,350000.0,0,,,
Maynard,2004,2,2,587500.0,587500.0,0,,,
Maynard,2006,2,2,422500.0,422500.0,0,,,
Maynard,2007,5,5,656500.0,425000.0,0,,,
Maynard,2008,1,1,2500.0,2500.0,0,,,
Maynard,2009,2,2,295000.0,295000.0,0,,,
Maynard,2010,1,1,208000.0,208000.0,0,,,
Maynard,2011,3,3,230333.33333333334,121000.0,0,,,
Maynard,2012,1,1,217000.0,217000.0,0,,,
Maynard,2013,3,3,186333.33333333334,160000.0,0,,,
Maynard,2014,2,2,191000.0,191000.0,0,,,
Maynard,2015,5,3,419380.0,421000.0,2,,,
Maynard,2016,7,6,191785.7142857143,190000.0,1,,,
Maynard,2017,5,5,332000.0,370000.0,0,,,
Maynard,2018,2,1,485000.0,485000.0,1,,,
Maynard,2019,4,3,2295375.0,400000.0,1,,,
Maynard,2020,1,1,400000.0,400000.0,0,,,
Maynard,2021,1,1,300000.0,300000.0,0,,,
Maynard,2022,7,7,414114.4285714286,390000.0,0,,,
Medfield,2003,2,2,292500.0,292500.0,0,,,
Medfield,2005,2,2,625000.0,625000.0,0,,,
Medfield,2006,2,2,1775000.0,1775000.0,0,,,
Medfield,2009,1,1,260000.0,260000.0,0,,,
Medfield,2010,4,4,693750.0,705000.0,0,,,
Medfield,2012,3,2,473000.0,500000.0,1,,,
Medfield,2013,1,1,700000.0,700000.0,0,,,
Medfield,2014,3,2,446666.6666666667,385000.0,1,,,
Medfield,2015,3,3,1256666.6666666667,285000.0,0,,,
Medfield,2016,7,4,723500.0,680000.0,3,,,
Medfield,2017,7,6,2134857.1428571427,500000.0,1,,,
Medfield,2018,2,2,703750.0,703750.0,0,,,
Medfield,2019,2,2,414947.5,414947.5,0,,,
Medfield,2020,8,6,806125.0,755000.0,2,,,
Medfield,2021,5,4,495000.0,520000.0,1,,,
Medfield,2022,6,6,435166.6666666667,443000.0,0,,,
Medford,2000,16,13,404054.625,297500.0,3,,,
Medford,2001,13,7,862011.4615384615,249000.0,6,,,
Medford,2002,8,5,683375.0,547500.0,3,,,
Medford,2003,9,7,808701.3333333334,449000.0,2,,,
Medford,2004,12,7,841458.0833333334,536000.0,5,,,
Medford,2005,5,5,589980.0,575000.0,0,,,
Medford,2006,10,10,837300.0,580000.0,0,,,
Medford,2007,13,11,871500.0,475000.0,2,,,
Medford,2008,6,5,240000.0,260000.0,1,,,
Medford,2009,6,5,564750.0,420000.0,1,,,
Medford,2010,7,6,3055014.285714286,470000.0,1,,,
Medford,2011,8,6,328168.125,265000.0,2,,,
Medford,2012,13,12,385846.1538461539,330000.0,1,,,
Medford,2013,20,15,374264.85,355000.0,5,,,
Medford,2014,11,9,728681.8181818182,541000.0,2,,,
Medford,2015,19,17,673710.5263157894,500000.0,2,,,
Medford,2016,19,17,560868.4210526316,500000.0,2,,,
Medford,2017,25,21,585013.32,565000.0,4,,,
Medford,2018,35,30,733588.0857142857,745000.0,5,,,
Medford,2019,44,40,1444195.4772727273,769000.0,4,,,
Medford,2020,28,28,654700.0,560000.0,0,,,
Medford,2021,46,43,1372228.2608695652,769000.0,3,,,
Medford,2022,31,29,1044380.3548387097,900000.0,2,,,
Medway,2002,1,0,399900.0,399900.0,1,,,
Medway,2003,1,0,9689664.0,9689664.0,1,,,
Medway,2005,1,1,120000.0,120000.0,0,,,
Medway,2007,3,2,3490000.0,1465000.0,1,,,
Medway,2008,2,2,386750.0,386750.0,0,,,
Medway,2012,3,2,311333.3333333333,309000.0,1,,,
Medway,2013,1,1,345000.0,345000.0,0,,,
Medway,2014,1,1,260000.0,260000.0,0,,,
Medway,2015,1,1,303000.0,303000.0,0,,,
Medway,2016,5,4,1079000.0,260000.0,1,,,
Medway,2017,3,2,575666.6666666666,400000.0,1,,,
Medway,2018,4,1,536250.0,452500.0,3,,,
Medway,2020,2,1,1199000.0,1199000.0,1,,,
Medway,2021,6,4,446566.6666666667,442500.0,2,,,
Medway,2022,5,5,5031000.0,590000.0,0,,,
Melrose,2000,3,2,501166.6666666667,328500.0,1,,,
Melrose,2001,2,2,309852.5,309852.5,0,,,
Melrose,2002,3,2,246333.33333333334,263000.0,1,,,
Melrose,2003,2,0,314500.0,314500.0,2,,,
Melrose,2004,1,1,360000.0,360000.0,0,,,
Melrose,2005,5,5,1234400.0,410000.0,0,,,
Melrose,2006,3,2,661333.3333333334,625000.0,1,,,
Melrose,2007,3,3,529333.3333333334,369000.0,0,,,
Melrose,2008,3,3,650166.6666666666,688000.0,0,,,
Melrose,2009,3,3,265000.0,215000.0,0,,,
Melrose,2010,6,4,420800.0,254250.0,2,,,
Melrose,2011,3,2,302166.6666666667,250000.0,1,,,
Melrose,2012,5,4,517000.0,500000.0,1,,,
Melrose,2013,7,6,515983.5714285714,290000.0,1,,,
Melrose,2014,6,5,449500.0,442500.0,1,,,
Melrose,2015,8,8,434434.375,407500.0,0,,,
Melrose,2016,6,5,620833.3333333334,520500.0,1,,,
Melrose,2017,11,11,561309.0909090909,530000.0,0,,,
Melrose,2018,14,12,1265385.7142857143,677750.0,2,,,
Melrose,2019,11,8,1079854.5454545454,875000.0,3,,,
Melrose,2020,4,4,1118750.0,975000.0,0,,,
Melrose,2021,15,13,693726.7333333333,785000.0,2,,,
Melrose,2022,17,15,683529.5294117647,655000.0,2,,,
Middleton,2001,2,2,775000.0,775000.0,0,,,
Middleton,2002,1,1,325000.0,325000.0,0,,,
Middleton,2003,1,1,930000.0,930000.0,0,,,
Middleton,2005,1,0,555000.0,555000.0,1,,,
Middleton,2008,2,2,164500.0,164500.0,0,,,
Middleton,2009,2,2,387500.0,387500.0,0,,,
Middleton,2010,1,1,958000.0,958000.0,0,,,
Middleton,2012,5,5,721400.0,415000.0,0,,,
Middleton,2013,3,2,316000.0,365000.0,1,,,
Middleton,2014,5,5,416500.0,400000.0,0,,,
Middleton,2015,5,4,843900.0,737500.0,1,,,
Middleton,2016,1,0,315000.0,315000.0,1,,,
Middleton,2017,2,1,9754989.5,9754989.5,1,,,
Middleton,2018,3,2,182000.0,210000.0,1,,,
Middleton,2019,2,1,1362500.0,1362500.0,1,,,
Middleton,2020,6,5,2327833.3333333335,941500.0,1,,,
Middleton,2021,3,3,1110000.0,540000.0,0,,,
Middleton,2022,4,4,2398458.75,2250000.0,0,,,
Milford,2000,5,3,1105042.0,160000.0,2,,,
Milford,2001,5,4,231400.0,222000.0,1,,,
Milford,2002,4,2,75844.5,46714.0,2,,,
Milford,2003,1,1,150000.0,150000.0,0,,,
Milford,2004,4,2,311812.5,311125.0,2,,,
Milford,2005,3,2,389333.3333333333,435000.0,1,,,
Milford,2006,3,2,388333.3333333333,285000.0,1,,,
Milford,2007,4,3,492500.0,517500.0,1,,,
Milford,2008,4,4,1123750.0,637500.0,0,,,
Milford,2009,5,5,156750.0,156250.0,0,,,
Milford,2010,2,2,2200000.0,2200000.0,0,,,
Milford,2011,3,3,515000.0,450000.0,0,,,
Milford,2012,4,4,236600.0,189200.0,0,,,
Milford,2013,3,3,451651.0,458453.0,0,,,
Milford,2014,1,1,225000.0,225000.0,0,,,
Milford,2015,10,9,1137827.6,387500.0,1,,,
Milford,2016,7,7,611642.8571428572,325000.0,0,,,
Milford,2017,3,3,771300.0,302000.0,0,,,
Milford,2018,9,8,316333.3333333333,250000.0,1,,,
Milford,2019,4,4,462173.5,430000.0,0,,,
Milford,2020,3,3,1046600.0,764900.0,0,,,
Milford,2021,7,6,803428.5714285715,455000.0,1,,,
Milford,2022,5,5,1499424.0,540000.0,0,,,
Millis,2000,1,0,148900.0,148900.0,1,,,
Millis,2002,5,3,225260.0,196400.0,2,,,
Millis,2004,1,1,55000.0,55000.0,0,,,
Millis,2005,1,1,1417648.0,1417648.0,0,,,
Millis,2006,2,1,418700.0,418700.0,1,,,
Millis,2007,1,1,475000.0,475000.0,0,,,
Millis,2008,2,2,229750.0,229750.0,0,,,
Millis,2009,1,1,450000.0,450000.0,0,,,
Millis,2012,3,3,334250.0,331000.0,0,,,
Millis,2013,1,1,40000.0,40000.0,0,,,
Millis,2014,2,2,433275.0,433275.0,0,,,
Millis,2015,1,1,235000.0,235000.0,0,,,
Millis,2016,4,4,286875.0,253750.0,0,,,
Millis,2017,2,2,3107500.0,3107500.0,0,,,
Millis,2018,5,5,353000.0,270000.0,0,,,
Millis,2019,2,2,791750.0,791750.0,0,,,
Millis,2020,4,4,525250.0,443000.0,0,,,
Millis,2021,5,5,832000.0,1120000.0,0,,,
Millis,2022,2,2,316500.0,316500.0,0,,,
Milton,2000,3,1,394966.6666666667,389900.0,2,,,
Milton,2001,1,0,195000.0,195000.0,1,,,
Milton,2003,1,1,360000.0,360000.0,0,,,
Milton,2004,6,5,443750.0,412500.0,1,,,
Milton,2005,7,7,1024000.0,650000.0,0,,,
Milton,2006,4,4,483803.0,405106.0,0,,,
Milton,2007,3,1,380000.0,365000.0,2,,,
Milton,2009,3,2,496333.3333333333,350000.0,1,,,
Milton,2010,4,4,570000.0,435000.0,0,,,
Milton,2011,6,6,463500.0,325000.0,0,,,
Milton,2012,6,6,690000.0,762500.0,0,,,
Milton,2013,6,6,439500.0,349750.0,0,,,
Milton,2014,6,6,382000.0,398000.0,0,,,
Milton,2015,7,6,1549142.857142857,860000.0,1,,,
Milton,2016,9,9,687444.4444444445,694000.0,0,,,
Milton,2017,13,11,709711.5384615385,550000.0,2,,,
Milton,2018,10,9,601000.0,537500.0,1,,,
Milton,2019,6,6,1147966.6666666667,560500.0,0,,,
Milton,2020,8,8,756750.0,600000.0,0,,,
Milton,2021,4,4,1545375.0,1337500.0,0,,,
Milton,2022,12,10,1285833.3333333333,877000.0,2,,,
Nahant,2001,2,2,239950.0,239950.0,0,,,
Nahant,2002,1,0,935000.0,935000.0,1,,,
Nahant,2003,1,1,500000.0,500000.0,0,,,
Nahant,2005,2,2,1167500.0,1167500.0,0,,,
Nahant,2006,1,1,3525000.0,3525000.0,0,,,
Nahant,2009,1,1,1530000.0,1530000.0,0,,,
Nahant,2010,1,1,2100000.0,2100000.0,0,,,
Nahant,2011,1,1,5250000.0,5250000.0,0,,,
Nahant,2014,2,2,380000.0,380000.0,0,,,
Nahant,2015,1,1,689000.0,689000.0,0,,,
Nahant,2017,1,1,900000.0,900000.0,0,,,
Nahant,2018,3,3,495000.0,535000.0,0,,,
Nahant,2019,1,1,285000.0,285000.0,0,,,
Nahant,2020,1,1,875000.0,875000.0,0,,,
Nahant,2022,5,4,803980.0,839900.0,1,,,
Natick,2000,6,4,360500.0,386500.0,2,,,
Natick,2001,6,5,574741.6666666666,365000.0,1,,,
Natick,2002,6,5,362283.3333333333,262450.0,1,,,
Natick,2003,5,3,659800.0,396000.0,2,,,
Natick,2004,8,8,869125.0,852500.0,0,,,
Natick,2005,10,9,1248530.0,446250.0,1,,,
Natick,2006,9,8,3242422.222222222,316800.0,1,,,
Natick,2007,7,5,1312142.857142857,1275000.0,2,,,
Natick,2008,5,4,674800.0,615000.0,1,,,
Natick,2009,9,9,979960.0,706140.0,0,,,
Natick,2010,12,12,569962.75,325776.5,0,,,
Natick,2011,13,11,622873.0769230769,367000.0,2,,,
Natick,2012,8,7,905500.0,225000.0,1,,,
Natick,2013,26,22,368019.26923076925,192500.0,4,,,
Natick,2014,16,13,1161050.0,312000.0,3,,,
Natick,2015,13,12,924269.2307692308,400000.0,1,,,
Natick,2016,18,17,806000.0,370500.0,1,,,
Natick,2017,14,12,520385.71428571426,342500.0,2,,,
Natick,2018,16,13,918562.5625,505000.0,3,,,
Natick,2019,26,26,545762.3076923077,407000.0,0,,,
Natick,2020,18,16,785777.8333333334,541500.0,2,,,
Natick,2021,22,21,650127.3181818182,520000.0,1,,,
Natick,2022,25,23,1146040.0,630000.0,2,,,
Needham,2000,3,1,4285000.0,742500.0,2,,,
Needham,2001,1,0,280000.0,280000.0,1,,,
Needham,2003,8,5,1112350.0,419500.0,3,,,
Needham,2004,14,11,891400.0,719500.0,3,,,
Needham,2005,4,3,1475000.0,1142500.0,1,,,
Needham,2006,13,12,629211.5384615385,533000.0,1,,,
Needham,2007,11,10,959590.9090909091,585000.0,1,,,
Needham,2008,15,11,845900.0,650000.0,4,,,
Needham,2009,11,9,969541.9090909091,615000.0,2,,,
Needham,2010,9,9,1566666.6666666667,445000.0,0,,,
Needham,2011,13,12,1102392.3076923077,520100.0,1,,,
Needham,2012,10,10,2136250.0,575000.0,0,,,
Needham,2013,19,17,873674.2105263158,885000.0,2,,,
Needham,2014,15,13,4505666.666666667,575000.0,2,,,
Needham,2015,22,22,762500.0,687500.0,0,,,
Needham,2016,18,16,1205284.7222222222,705000.0,2,,,
Needham,2017,17,15,684147.0588235294,600000.0,2,,,
Needham,2018,19,18,1101481.9473684211,725000.0,1,,,
Needham,2019,19,17,1021831.5789473684,710000.0,2,,,
Needham,2020,18,17,1078000.0,865000.0,1,,,
Needham,2021,20,20,5937195.6,928000.0,0,,,
Needham,2022,34,32,2128155.0,1001500.0,2,,,
Newton,2000,33,27,1538606.0606060605,449000.0,6,,,
Newton,2001,35,30,776051.4285714285,630000.0,5,,,
Newton,2002,34,30,828597.0588235294,542500.0,4,,,
Newton,2003,20,16,930641.8,775750.0,4,,,
Newton,2004,30,24,877512.6,605000.0,6,,,
Newton,2005,35,31,1686707.857142857,825000.0,4,,,
Newton,2006,29,24,1377176.3448275863,675000.0,5,,,
Newton,2007,28,23,961841.25,787312.5,5,,,
Newton,2008,36,32,1135590.2777777778,812100.0,4,,,
Newton,2009,23,22,688195.6521739131,633000.0,1,,,
Newton,2010,25,23,1025248.0,665000.0,2,,,
Newton,2011,43,35,1511939.1395348837,735000.0,8,,,
Newton,2012,60,53,961189.5,762500.0,7,,,
Newton,2013,77,71,914375.2987012987,805000.0,6,,,
Newton,2014,92,86,1234305.2173913044,784500.0,6,,,
Newton,2015,97,87,1015590.3298969072,830000.0,10,,,
Newton,2016,88,82,1315930.3863636365,912500.0,6,,,
Newton,2017,84,75,1129311.4523809524,962500.0,9,,,
Newton,2018,80,76,1348900.325,987500.0,4,,,
Newton,2019,76,74,1323028.6710526317,1000000.0,2,,,
Newton,2020,74,70,1224098.4189189188,1085000.0,4,,,
Newton,2021,124,117,1781657.1370967743,1312500.0,7,,,
Newton,2022,121,117,1837223.1487603306,1350000.0,4,,,
Norfolk,2000,1,0,154000.0,154000.0,1,,,
Norfolk,2004,1,1,140000.0,140000.0,0,,,
Norfolk,2006,2,2,65000.0,65000.0,0,,,
Norfolk,2007,1,1,475000.0,475000.0,0,,,
Norfolk,2008,1,1,50000.0,50000.0,0,,,
Norfolk,2009,1,1,295000.0,295000.0,0,,,
Norfolk,2010,1,1,200000.0,200000.0,0,,,
Norfolk,2012,1,1,1000000.0,1000000.0,0,,,
Norfolk,2013,1,1,375000.0,375000.0,0,,,
Norfolk,2014,4,3,319850.0,162250.0,1,,,
Norfolk,2015,2,2,177500.0,177500.0,0,,,
Norfolk,2016,2,2,287500.0,287500.0,0,,,
Norfolk,2018,7,6,431128.5714285714,415000.0,1,,,
Norfolk,2019,2,1,353975.0,353975.0,1,,,
Norfolk,2020,4,3,317031.25,375000.0,1,,,
Norfolk,2021,4,4,1026125.0,1274250.0,0,,,
Norfolk,2022,2,2,801500.0,801500.0,0,,,
North Reading,2000,4,4,466200.25,358750.0,0,,,
North Reading,2001,1,1,375000.0,375000.0,0,,,
North Reading,2002,2,1,442500.0,442500.0,1,,,
North Reading,2004,1,1,365000.0,365000.0,0,,,
North Reading,2005,5,4,2587000.0,850000.0,1,,,
North Reading,2006,3,2,1453300.0,560000.0,1,,,
North Reading,2007,3,3,500110.6666666667,260000.0,0,,,
North Reading,2008,2,2,427500.0,427500.0,0,,,
North Reading,2009,3,2,286000.0,153000.0,1,,,
North Reading,2011,2,2,300000.0,300000.0,0,,,
North Reading,2012,6,6,532500.0,297500.0,0,,,
North Reading,2013,7,6,323767.85714285716,312500.0,1,,,
North Reading,2014,3,3,247850.0,186900.0,0,,,
North Reading,2015,5,5,351200.0,332500.0,0,,,
North Reading,2016,6,6,604833.3333333334,275000.0,0,,,
North Reading,2017,13,9,4982812.615384615,2600000.0,4,,,
North Reading,2018,8,7,489375.0,412500.0,1,,,
North Reading,2019,4,4,226125.0,175250.0,0,,,
North Reading,2020,7,7,402714.28571428574,360000.0,0,,,
North Reading,2021,2,2,500000.0,500000.0,0,,,
North Reading,2022,4,4,253000.25,268500.0,0,,,
Norwell,2001,4,3,461850.0,459950.0,1,,,
Norwell,2002,2,2,710550.0,710550.0,0,,,
Norwell,2003,2,2,312500.0,312500.0,0,,,
Norwell,2004,6,5,2147500.0,745000.0,1,,,
Norwell,2005,4,3,482250.0,494500.0,1,,,
Norwell,2006,2,2,3125000.0,3125000.0,0,,,
Norwell,2007,2,2,1241250.0,1241250.0,0,,,
Norwell,2008,2,2,2750000.0,2750000.0,0,,,
Norwell,2009,3,2,428500.0,312500.0,1,,,
Norwell,2010,1,1,13000.0,13000.0,0,,,
Norwell,2011,3,3,542083.3333333334,526250.0,0,,,
Norwell,2012,4,4,381750.0,407500.0,0,,,
Norwell,2013,4,4,1726250.0,1402500.0,0,,,
Norwell,2014,4,2,493975.0,479500.0,2,,,
Norwell,2015,5,5,983580.0,462500.0,0,,,
Norwell,2016,5,5,1085000.0,680000.0,0,,,
Norwell,2017,3,3,868333.3333333334,770000.0,0,,,
Norwell,2018,6,6,626333.3333333334,424000.0,0,,,
Norwell,2019,6,6,1374166.6666666667,655000.0,0,,,
Norwell,2020,4,4,3300000.0,3200000.0,0,,,
Norwell,2021,4,4,1411250.0,1142500.0,0,,,
Norwell,2022,13,13,3761615.3846153845,3200000.0,0,,,
Norwood,2003,3,2,221500.0,249500.0,1,,,
Norwood,2004,4,4,1060000.0,607500.0,0,,,
Norwood,2005,5,4,274880.0,285000.0,1,,,
Norwood,2006,5,5,2194800.0,450000.0,0,,,
Norwood,2007,6,6,543333.3333333334,357500.0,0,,,
Norwood,2008,6,5,695666.6666666666,447000.0,1,,,
Norwood,2009,7,7,2075025.0,535000.0,0,,,
Norwood,2010,6,5,748000.0,291500.0,1,,,
Norwood,2011,7,7,411829.5714285714,275000.0,0,,,
Norwood,2012,6,6,404166.6666666667,352500.0,0,,,
Norwood,2013,6,6,437116.6666666667,351350.0,0,,,
Norwood,2014,12,12,1063250.0,491250.0,0,,,
Norwood,2015,12,12,466316.6666666667,414400.0,0,,,
Norwood,2016,16,16,4695718.75,1100000.0,0,,,
Norwood,2017,8,7,1015000.0,427500.0,1,,,
Norwood,2018,19,15,6074842.105263158,2000000.0,4,,,
Norwood,2019,15,14,745526.6666666666,600000.0,1,,,
Norwood,2020,10,10,620800.0,559500.0,0,,,
Norwood,2021,12,7,739939.5833333334,562500.0,5,,,
Norwood,2022,19,18,3823126.3684210526,750000.0,1,,,
Peabody,2000,4,3,4948500.0,219500.0,1,,,
Peabody,2001,6,5,383300.0,272500.0,1,,,
Peabody,2002,9,7,509777.77777777775,350000.0,2,,,
Peabody,2003,12,9,638004.75,417450.0,3,,,
Peabody,2004,3,3,1292017.3333333333,1125000.0,0,,,
Peabody,2005,5,5,660200.0,508000.0,0,,,
Peabody,2006,4,3,1772839.75,321000.0,1,,,
Peabody,2007,5,5,1050000.0,1000000.0,0,,,
Peabody,2008,9,6,284777.77777777775,300000.0,3,,,
Peabody,2009,7,5,360071.4285714286,239000.0,2,,,
Peabody,2010,6,6,1361666.6666666667,490000.0,0,,,
Peabody,2011,11,11,383681.8181818182,330000.0,0,,,
Peabody,2012,11,10,350045.45454545453,300000.0,1,,,
Peabody,2013,18,14,691261.1111111111,325000.0,4,,,
Peabody,2014,17,16,445288.23529411765,285000.0,1,,,
Peabody,2015,26,21,1391752.576923077,552500.0,5,,,
Peabody,2016,10,9,527940.0,365000.0,1,,,
Peabody,2017,23,18,569094.695652174,400000.0,5,,,
Peabody,2018,16,14,547232.6875,432500.0,2,,,
Peabody,2019,13,9,762923.0769230769,450000.0,4,,,
Peabody,2020,13,12,1134846.1538461538,500000.0,1,,,
Peabody,2021,17,16,3396658.8235294116,858600.0,1,,,
Peabody,2022,16,15,795468.8125,623750.0,1,,,
Pembroke,2000,7,6,215000.0,250000.0,1,,,
Pembroke,2001,3,2,159333.33333333334,118000.0,1,,,
Pembroke,2002,4,4,403750.0,332500.0,0,,,
Pembroke,2003,3,1,260166.66666666666,285500.0,2,,,
Pembroke,2004,6,3,364500.0,314500.0,3,,,
Pembroke,2005,2,1,392980.5,392980.5,1,,,
Pembroke,2006,3,2,616633.3333333334,299900.0,1,,,
Pembroke,2007,5,2,530000.0,385000.0,3,,,
Pembroke,2008,1,1,75000.0,75000.0,0,,,
Pembroke,2010,3,3,659666.6666666666,349000.0,0,,,
Pembroke,2011,1,1,140000.0,140000.0,0,,,
Pembroke,2012,3,3,836666.6666666666,275000.0,0,,,
Pembroke,2013,2,2,612500.0,612500.0,0,,,
Pembroke,2014,4,4,228000.0,226000.0,0,,,
Pembroke,2015,2,2,277500.0,277500.0,0,,,
Pembroke,2016,5,4,360200.0,300000.0,1,,,
Pembroke,2017,5,5,150800.0,143000.0,0,,,
Pembroke,2018,7,6,327000.4285714286,229000.0,1,,,
Pembroke,2019,10,8,508750.2,262500.0,2,,,
Pembroke,2020,10,9,727340.1,332000.0,1,,,
Pembroke,2021,13,12,601400.0769230769,363000.0,1,,,
Pembroke,2022,7,7,581029.0,300000.0,0,,,
Quincy,2000,1,0,160000.0,160000.0,1,,,
Quincy,2001,3,2,773333.3333333334,850000.0,1,,,
Quincy,2002,4,3,366558.5,399867.0,1,,,
Quincy,2003,18,12,535627.7777777778,407500.0,6,,,
Quincy,2004,13,11,1211903.8461538462,635000.0,2,,,
Quincy,2005,20,18,2000237.2,456250.0,2,,,
Quincy,2006,17,16,3072156.705882353,710000.0,1,,,
Quincy,2007,16,16,813726.3125,411000.0,0,,,
Quincy,2008,19,17,549696.3157894737,336000.0,2,,,
Quincy,2009,14,11,988653.2857142857,486523.0,3,,,
Quincy,2010,18,17,642569.7777777778,408253.0,1,,,
Quincy,2011,14,13,820454.6428571428,540562.5,1,,,
Quincy,2012,26,23,385707.6923076923,356500.0,3,,,
Quincy,2013,34,30,462438.23529411765,287500.0,4,,,
Quincy,2014,40,32,3526285.0,441500.0,8,,,
Quincy,2015,110,31,6599134.845454546,10080000.0,79,,,
Quincy,2016,40,35,1800153.75,427500.0,5,,,
Quincy,2017,37,33,874778.3783783783,600000.0,4,,,
Quincy,2018,47,43,936179.1489361703,565000.0,4,,,
Quincy,2019,36,31,746866.6666666666,573750.0,5,,,
Quincy,2020,25,24,1352144.0,900000.0,1,,,
Quincy,2021,56,52,977095.8928571428,663500.0,4,,,
Quincy,2022,45,40,3575659.7333333334,765000.0,5,,,
Randolph,2000,2,1,149240.5,149240.5,1,,,
Randolph,2002,1,0,375000.0,375000.0,1,,,
Randolph,2003,2,1,237500.0,237500.0,1,,,
Randolph,2004,8,5,507125.0,315500.0,3,,,
Randolph,2005,3,1,361000.0,328000.0,2,,,
Randolph,2006,8,8,2031125.0,733500.0,0,,,
Randolph,2007,2,2,355000.0,355000.0,0,,,
Randolph,2008,5,5,1721000.0,820000.0,0,,,
Randolph,2009,5,2,916010.0,550000.0,3,,,
Randolph,2010,3,2,235000.0,240000.0,1,,,
Randolph,2011,5,3,291700.0,257000.0,2,,,
Randolph,2012,10,8,307200.0,167500.0,2,,,
Randolph,2013,1,1,133313.0,133313.0,0,,,
Randolph,2014,8,7,454937.5,223000.0,1,,,
Randolph,2015,7,7,359285.71428571426,200000.0,0,,,
Randolph,2016,12,11,934490.6666666666,361944.0,1,,,
Randolph,2017,7,6,380714.28571428574,275000.0,1,,,
Randolph,2018,7,6,989850.2857142857,455000.0,1,,,
Randolph,2019,11,8,551227.2727272727,310000.0,3,,,
Randolph,2020,2,2,421000.0,421000.0,0,,,
Randolph,2021,11,10,834363.6363636364,305000.0,1,,,
Randolph,2022,11,9,1021681.8181818182,330000.0,2,,,
Reading,2000,5,4,304000.0,285000.0,1,,,
Reading,2001,4,2,475250.0,368500.0,2,,,
Reading,2002,5,3,417000.0,425000.0,2,,,
Reading,2003,3,1,303300.0,220000.0,2,,,
Reading,2004,5,4,724000.0,365000.0,1,,,
Reading,2005,3,3,413666.6666666667,423500.0,0,,,
Reading,2006,3,2,730000.0,525000.0,1,,,
Reading,2007,1,1,570000.0,570000.0,0,,,
Reading,2008,4,3,790921.0,802171.0,1,,,
Reading,2009,4,4,757150.0,709300.0,0,,,
Reading,2010,9,6,1160255.5555555555,432800.0,3,,,
Reading,2011,3,2,316000.0,268000.0,1,,,
Reading,2012,8,7,5359125.0,514000.0,1,,,
Reading,2013,3,2,503333.3333333333,500000.0,1,,,
Reading,2014,10,7,404800.0,382000.0,3,,,
Reading,2015,4,3,725000.0,600000.0,1,,,
Reading,2016,6,5,861643.3333333334,577480.0,1,,,
Reading,2017,8,6,2607250.0,1013500.0,2,,,
Reading,2018,7,6,4955600.0,432200.0,1,,,
Reading,2019,9,8,555555.5555555555,410000.0,1,,,
Reading,2020,7,6,1199571.5714285714,1200000.0,1,,,
Reading,2021,11,10,656318.1818181818,610000.0,1,,,
Reading,2022,16,15,905359.375,668500.0,1,,,
Revere,2000,5,2,210300.0,240000.0,3,,,
Revere,2001,4,2,514475.0,464000.0,2,,,
Revere,2002,5,2,259980.0,225000.0,3,,,
Revere,2003,1,1,190000.0,190000.0,0,,,
Revere,2004,1,0,476000.0,476000.0,1,,,
Revere,2005,3,1,236666.66666666666,200000.0,2,,,
Revere,2006,8,6,476750.0,333500.0,2,,,
Revere,2007,7,6,193357.14285714287,100000.0,1,,,
Revere,2008,7,7,569285.7142857143,430000.0,0,,,
Revere,2009,10,10,315200.0,279000.0,0,,,
Revere,2010,6,5,468533.3333333333,422500.0,1,,,
Revere,2011,9,5,422449.77777777775,322500.0,4,,,
Revere,2012,18,17,453991.6111111111,250000.0,1,,,
Revere,2013,12,11,517441.6666666667,256000.0,1,,,
Revere,2014,7,6,521939.5714285714,309000.0,1,,,
Revere,2015,10,10,921000.0,306000.0,0,,,
Revere,2016,13,9,2042223.076923077,525000.0,4,,,
Revere,2017,28,24,843035.7142857143,392500.0,4,,,
Revere,2018,16,15,1978125.0,762500.0,1,,,
Revere,2019,24,21,568983.3333333334,445000.0,3,,,
Revere,2020,30,28,628950.3,490500.0,2,,,
Revere,2021,17,16,3188823.588235294,1160000.0,1,,,
Revere,2022,29,26,16500586.206896551,1040000.0,3,,,
Rockland,2000,4,4,144375.0,152500.0,0,,,
Rockland,2001,4,4,557500.0,600000.0,0,,,
Rockland,2002,3,2,185000.0,200000.0,1,,,
Rockland,2004,6,4,1078550.0,328700.0,2,,,
Rockland,2005,8,5,1158630.75,377500.0,3,,,
Rockland,2006,5,4,1098000.0,390000.0,1,,,
Rockland,2007,3,3,1335833.3333333333,400000.0,0,,,
Rockland,2008,5,2,409380.0,182000.0,3,,,
Rockland,2009,3,3,746666.6666666666,350000.0,0,,,
Rockland,2010,3,2,3477333.3333333335,2200000.0,1,,,
Rockland,2011,8,6,781250.0,262500.0,2,,,
Rockland,2012,4,3,152000.0,132500.0,1,,,
Rockland,2013,4,4,408875.0,339000.0,0,,,
Rockland,2014,6,5,443343.1666666667,324279.5,1,,,
Rockland,2015,7,7,508142.85714285716,359500.0,0,,,
Rockland,2016,5,4,2711000.0,1050000.0,1,,,
Rockland,2017,10,9,540650.0,294000.0,1,,,
Rockland,2018,7,6,392271.4285714286,400000.0,1,,,
Rockland,2019,8,7,582703.125,372500.0,1,,,
Rockland,2020,3,2,535450.0,425000.0,1,,,
Rockland,2021,14,13,895571.5,432500.0,1,,,
Rockland,2022,6,6,804166.6666666666,450000.0,0,,,
Rockport,2000,4,4,290625.0,290000.0,0,,,
Rockport,2001,3,3,200833.33333333334,225000.0,0,,,
Rockport,2002,4,4,410725.0,421450.0,0,,,
Rockport,2003,4,2,488437.5,548875.0,2,,,
Rockport,2004,2,1,1600000.0,1600000.0,1,,,
Rockport,2009,3,2,373333.3333333333,375000.0,1,,,
Rockport,2010,3,3,548333.3333333334,550000.0,0,,,
Rockport,2011,2,2,612500.0,612500.0,0,,,
Rockport,2012,1,1,391000.0,391000.0,0,,,
Rockport,2013,9,8,627777.7777777778,530000.0,1,,,
Rockport,2014,6,6,472500.0,507500.0,0,,,
Rockport,2015,4,3,429250.0,353500.0,1,,,
Rockport,2016,4,3,690500.0,700000.0,1,,,
Rockport,2017,2,1,575000.0,575000.0,1,,,
Rockport,2018,4,4,756750.0,812500.0,0,,,
Rockport,2019,9,6,684156.6666666666,502000.0,3,,,
Rockport,2020,3,3,687666.6666666666,576000.0,0,,,
Rockport,2021,6,6,1008333.3333333334,1035500.0,0,,,
Rockport,2022,5,5,666800.0,707000.0,0,,,
Salem,2000,15,13,266685.6,210000.0,2,,,
Salem,2001,14,12,191959.14285714287,138000.0,2,,,
Salem,2002,19,16,289929.05263157893,175000.0,3,,,
Salem,2003,16,11,509906.25,350000.0,5,,,
Salem,2004,8,6,359900.0,379500.0,2,,,
Salem,2005,7,7,350064.71428571426,396900.0,0,,,
Salem,2006,8,4,690649.5,402950.0,4,,,
Salem,2007,4,2,461250.0,357500.0,2,,,
Salem,2008,15,15,285726.6666666667,232680.0,0,,,
Salem,2009,14,12,397542.85714285716,318300.0,2,,,
Salem,2010,5,5,253930.0,270000.0,0,,,
Salem,2011,14,13,331356.28571428574,308500.0,1,,,
Salem,2012,14,9,328112.85714285716,307290.0,5,,,
Salem,2013,20,18,398242.7,307500.0,2,,,
Salem,2014,19,18,368697.36842105264,255000.0,1,,,
Salem,2015,20,19,948235.9,462000.0,1,,,
Salem,2016,33,30,589013.303030303,492500.0,3,,,
Salem,2017,17,15,485811.76470588235,375000.0,2,,,
Salem,2018,38,34,801303.6842105263,662500.0,4,,,
Salem,2019,25,23,717416.0,430000.0,2,,,
Salem,2020,37,30,821959.4594594594,570000.0,7,,,
Salem,2021,28,26,826410.75,815000.0,2,,,
Salem,2022,46,42,1069345.8695652173,1025000.0,4,,,
Saugus,2000,4,3,143750.0,161500.0,1,,,
Saugus,2001,3,1,324666.6666666667,425000.0,2,,,
Saugus,2002,7,6,619476.2857142857,136334.0,1,,,
Saugus,2003,5,4,760634.0,500000.0,1,,,
Saugus,2004,2,1,529000.0,529000.0,1,,,
Saugus,2005,2,1,383500.0,383500.0,1,,,
Saugus,2006,1,1,600000.0,600000.0,0,,,
Saugus,2008,5,5,275500.0,250000.0,0,,,
Saugus,2009,3,2,574666.6666666666,234000.0,1,,,
Saugus,2010,5,5,211500.0,175000.0,0,,,
Saugus,2011,4,3,513000.0,421000.0,1,,,
Saugus,2012,4,4,126250.0,97500.0,0,,,
Saugus,2013,5,5,998000.0,230000.0,0,,,
Saugus,2014,8,8,228531.25,166250.0,0,,,
Saugus,2015,11,9,554536.3636363636,359900.0,2,,,
Saugus,2016,13,10,612153.8461538461,400000.0,3,,,
Saugus,2017,4,4,251975.0,261500.0,0,,,
Saugus,2018,11,10,1370720.4545454546,365000.0,1,,,
Saugus,2019,9,6,846000.0,458000.0,3,,,
Saugus,2020,16,14,1447062.5,760000.0,2,,,
Saugus,2021,21,19,760095.2380952381,545000.0,2,,,
Saugus,2022,20,16,1242250.0,710000.0,4,,,
Scituate,2000,9,9,309555.55555555556,235000.0,0,,,
Scituate,2001,3,2,430833.3333333333,250000.0,1,,,
Scituate,2002,4,3,322311.0,294622.0,1,,,
Scituate,2003,4,2,265000.0,277500.0,2,,,
Scituate,2004,4,4,370000.0,450000.0,0,,,
Scituate,2005,6,6,384333.3333333333,330000.0,0,,,
Scituate,2006,4,3,341250.0,327500.0,1,,,
Scituate,2007,4,3,532850.0,517500.0,1,,,
Scituate,2008,5,5,541260.0,500000.0,0,,,
Scituate,2009,3,2,136333.33333333334,125000.0,1,,,
Scituate,2010,8,8,371000.0,334000.0,0,,,
Scituate,2011,7,7,781557.1428571428,410000.0,0,,,
Scituate,2012,7,6,416925.85714285716,370000.0,1,,,
Scituate,2013,4,4,389975.0,354950.0,0,,,
Scituate,2014,9,8,520567.22222222225,453500.0,1,,,
Scituate,2015,9,8,557384.2222222222,491000.0,1,,,
Scituate,2016,12,11,587616.6666666666,515950.0,1,,,
Scituate,2017,5,5,562000.0,440000.0,0,,,
Scituate,2018,13,12,772764.3076923077,525000.0,1,,,
Scituate,2019,7,4,672605.7142857143,457000.0,3,,,
Scituate,2020,8,8,687375.125,674500.0,0,,,
Scituate,2021,6,5,604375.0,666875.0,1,,,
Scituate,2022,12,7,1445365.0833333333,609500.0,5,,,
Sharon,2000,1,1,90000.0,90000.0,0,,,
Sharon,2002,1,1,550000.0,550000.0,0,,,
Sharon,2004,2,2,2872500.0,2872500.0,0,,,
Sharon,2005,3,3,261000.0,208000.0,0,,,
Sharon,2006,1,1,1300000.0,1300000.0,0,,,
Sharon,2008,4,3,370250.0,375500.0,1,,,
Sharon,2009,1,0,2700000.0,2700000.0,1,,,
Sharon,2011,2,2,775000.0,775000.0,0,,,
Sharon,2012,3,3,719275.0,382825.0,0,,,
Sharon,2013,3,3,1168333.3333333333,280000.0,0,,,
Sharon,2014,4,3,344950.0,319950.0,1,,,
Sharon,2015,3,2,368700.0,342500.0,1,,,
Sharon,2016,6,6,2299860.0,470000.0,0,,,
Sharon,2017,4,3,423750.25,507500.0,1,,,
Sharon,2018,5,3,2646400.0,620000.0,2,,,
Sharon,2019,2,0,567000.0,567000.0,2,,,
Sharon,2020,3,3,311533.3333333333,435000.0,0,,,
Sharon,2021,9,7,628288.8888888889,543700.0,2,,,
Sharon,2022,5,4,494540.0,455700.0,1,,,
Sherborn,2000,1,0,249900.0,249900.0,1,,,
Sherborn,2001,1,1,250000.0,250000.0,0,,,
Sherborn,2002,1,1,1875000.0,1875000.0,0,,,
Sherborn,2003,1,1,1336500.0,1336500.0,0,,,
Sherborn,2004,2,2,675450.0,675450.0,0,,,
Sherborn,2005,1,1,620000.0,620000.0,0,,,
Sherborn,2007,1,0,697575.0,697575.0,1,,,
Sherborn,2011,1,1,788000.0,788000.0,0,,,
Sherborn,2013,3,3,448098.6666666667,489296.0,0,,,
Sherborn,2015,4,3,783151.5,480000.0,1,,,
Sherborn,2016,2,2,805000.0,805000.0,0,,,
Sherborn,2018,2,2,847500.0,847500.0,0,,,
Sherborn,2021,2,2,775500.0,775500.0,0,,,
Sherborn,2022,2,2,1402000.0,1402000.0,0,,,
Somerville,2000,26,20,461073.07692307694,380000.0,6,,,
Somerville,2001,23,17,767543.4782608695,490000.0,6,,,
Somerville,2002,12,11,600458.3333333334,562500.0,1,,,
Somerville,2003,13,12,518569.23076923075,412500.0,1,,,
Somerville,2004,16,15,1028093.75,825000.0,1,,,
Somerville,2005,33,29,884500.0,721000.0,4,,,
Somerville,2006,19,18,897684.2105263158,723000.0,1,,,
Somerville,2007,17,15,779735.2941176471,660000.0,2,,,
Somerville,2008,19,16,503842.1052631579,465000.0,3,,,
Somerville,2009,17,16,495464.70588235295,375000.0,1,,,
Somerville,2010,19,19,555373.6842105263,550000.0,0,,,
Somerville,2011,24,21,1051633.3333333333,550000.0,3,,,
Somerville,2012,33,29,830572.7272727273,565000.0,4,,,
Somerville,2013,45,43,969550.0,630000.0,2,,,
Somerville,2014,40,37,886255.6,697000.0,3,,,
Somerville,2015,60,55,889490.0,819000.0,5,,,
Somerville,2016,81,77,1753039.5061728396,875000.0,4,,,
Somerville,2017,83,77,1307418.0722891567,900000.0,6,,,
Somerville,2018,78,68,1254597.1153846155,1032500.0,10,,,
Somerville,2019,72,69,1401387.1805555555,1107500.0,3,,,
Somerville,2020,52,49,2253848.576923077,1417500.0,3,,,
Somerville,2021,88,86,3021739.590909091,1250000.0,2,,,
Somerville,2022,66,63,1165213.6818181819,1100000.0,3,,,
Southborough,2000,3,3,747166.6666666666,265000.0,0,,,
Southborough,2002,3,1,373333.3333333333,525000.0,2,,,
Southborough,2003,4,3,238750.0,277500.0,1,,,
Southborough,2004,6,5,509166.6666666667,397500.0,1,,,
Southborough,2005,6,6,348750.0,351250.0,0,,,
Southborough,2006,3,3,346666.6666666667,250000.0,0,,,
Southborough,2007,1,0,380000.0,380000.0,1,,,
Southborough,2009,2,2,98250.0,98250.0,0,,,
Southborough,2010,2,2,150000.0,150000.0,0,,,
Southborough,2011,2,2,12637919.0,12637919.0,0,,,
Southborough,2012,4,3,504250.0,488500.0,1,,,
Southborough,2013,7,6,512000.0,250000.0,1,,,
Southborough,2014,5,5,828100.0,318000.0,0,,,
Southborough,2015,3,3,337300.0,278400.0,0,,,
Southborough,2016,3,3,1487166.6666666667,641500.0,0,,,
Southborough,2017,2,1,5300000.0,5300000.0,1,,,
Southborough,2018,7,6,4105000.0,1000000.0,1,,,
Southborough,2019,3,3,1316666.6666666667,1450000.0,0,,,
Southborough,2020,4,3,481000.0,327000.0,1,,,
Southborough,2021,7,6,1510118.5714285714,1572080.0,1,,,
Southborough,2022,8,6,833500.0,560000.0,2,,,
Stoneham,2000,3,3,280000.0,295000.0,0,,,
Stoneham,2001,5,3,328000.0,160000.0,2,,,
Stoneham,2002,1,1,4100000.0,4100000.0,0,,,
Stoneham,2003,2,2,612500.0,612500.0,0,,,
Stoneham,2004,3,3,695000.0,485000.0,0,,,
Stoneham,2005,2,1,535000.0,535000.0,1,,,
Stoneham,2006,1,1,441000.0,441000.0,0,,,
Stoneham,2007,4,3,1890750.0,375000.0,1,,,
Stoneham,2008,3,2,402333.3333333333,357000.0,1,,,
Stoneham,2009,2,2,452500.0,452500.0,0,,,
Stoneham,2010,6,5,582583.3333333334,362500.0,1,,,
Stoneham,2011,3,3,462500.0,577500.0,0,,,
Stoneham,2012,5,4,1731000.0,195000.0,1,,,
Stoneham,2013,4,4,541270.5,492500.0,0,,,
Stoneham,2014,3,3,298333.3333333333,330000.0,0,,,
Stoneham,2015,6,5,272512.6666666667,303450.0,1,,,
Stoneham,2016,7,7,358729.71428571426,407500.0,0,,,
Stoneham,2017,5,4,632200.0,565000.0,1,,,
Stoneham,2018,7,5,541714.2857142857,575000.0,2,,,
Stoneham,2019,6,5,421833.3333333333,353000.0,1,,,
Stoneham,2020,6,5,2992083.3333333335,490000.0,1,,,
Stoneham,2021,10,8,3840500.0,570000.0,2,,,
Stoneham,2022,9,8,802111.1111111111,710000.0,1,,,
Stoughton,2002,4,3,217875.0,225750.0,1,,,
Stoughton,2003,4,2,426250.0,180000.0,2,,,
Stoughton,2004,7,5,2731307.1428571427,305250.0,2,,,
Stoughton,2005,9,7,383300.0,300000.0,2,,,
Stoughton,2006,4,4,1761249.75,1399999.5,0,,,
Stoughton,2007,9,7,5566408.333333333,450000.0,2,,,
Stoughton,2008,8,8,1563325.0,234000.0,0,,,
Stoughton,2009,4,4,962000.0,1009000.0,0,,,
Stoughton,2010,8,8,472956.25,437500.0,0,,,
Stoughton,2011,7,5,194271.42857142858,160000.0,2,,,
Stoughton,2012,7,7,298128.5714285714,216000.0,0,,,
Stoughton,2013,5,5,275400.0,231000.0,0,,,
Stoughton,2014,8,8,1106090.5,482237.0,0,,,
Stoughton,2015,10,10,662840.0,300000.0,0,,,
Stoughton,2016,11,11,685200.0,264900.0,0,,,
Stoughton,2017,20,20,1519968.85,594750.0,0,,,
Stoughton,2018,17,16,1098682.9411764706,351450.0,1,,,
Stoughton,2019,18,16,1262166.6666666667,435000.0,2,,,
Stoughton,2020,17,17,1165294.1176470588,470000.0,0,,,
Stoughton,2021,12,11,522541.6666666667,527500.0,1,,,
Stoughton,2022,18,17,834611.1111111111,495000.0,1,,,
Stow,2001,2,1,189500.0,189500.0,1,,,
Stow,2002,1,0,420000.0,420000.0,1,,,
Stow,2009,1,1,320000.0,320000.0,0,,,
Stow,2013,1,1,229000.0,229000.0,0,,,
Stow,2014,1,0,270000.0,270000.0,1,,,
Stow,2016,3,2,456755.3333333333,255000.0,1,,,
Stow,2017,1,0,520000.0,520000.0,1,,,
Stow,2019,1,1,5750000.0,5750000.0,0,,,
Stow,2020,3,2,578333.3333333334,490000.0,1,,,
Stow,2021,2,1,555000.0,555000.0,1,,,
Stow,2022,2,2,375000.0,375000.0,0,,,
Sudbury,2000,2,1,737450.0,737450.0,1,,,
Sudbury,2001,3,1,916333.3333333334,1099000.0,2,,,
Sudbury,2002,2,1,1181500.0,1181500.0,1,,,
Sudbury,2003,3,2,207000.0,210000.0,1,,,
Sudbury,2004,2,2,725000.0,725000.0,0,,,
Sudbury,2005,5,5,995352.0,450000.0,0,,,
Sudbury,2006,7,6,784928.5714285715,392000.0,1,,,
Sudbury,2007,7,5,1488542.857142857,675000.0,2,,,
Sudbury,2008,5,4,432400.0,479000.0,1,,,
Sudbury,2009,6,5,431119.0,360000.0,1,,,
Sudbury,2010,4,4,3159750.0,3161000.0,0,,,
Sudbury,2011,6,4,576250.0,376500.0,2,,,
Sudbury,2012,8,7,503718.75,290000.0,1,,,
Sudbury,2013,3,3,393416.6666666667,278250.0,0,,,
Sudbury,2014,3,3,361666.6666666667,340000.0,0,,,
Sudbury,2015,7,7,410771.4285714286,400000.0,0,,,
Sudbury,2016,7,5,1015714.2857142857,830000.0,2,,,
Sudbury,2017,4,4,643750.0,631500.0,0,,,
Sudbury,2018,4,3,1604750.0,1114500.0,1,,,
Sudbury,2019,13,12,967089.8461538461,500000.0,1,,,
Sudbury,2020,4,4,2175000.0,2700000.0,0,,,
Sudbury,2021,6,6,847500.0,547500.0,0,,,
Sudbury,2022,6,6,460000.0,390000.0,0,,,
Swampscott,2000,6,5,338416.6666666667,194250.0,1,,,
Swampscott,2001,4,4,392375.0,255000.0,0,,,
Swampscott,2002,5,5,207000.0,175000.0,0,,,
Swampscott,2003,2,2,250000.0,250000.0,0,,,
Swampscott,2004,1,1,2400000.0,2400000.0,0,,,
Swampscott,2007,2,2,1221000.0,1221000.0,0,,,
Swampscott,2008,1,1,279000.0,279000.0,0,,,
Swampscott,2009,3,2,1308033.3333333333,409100.0,1,,,
Swampscott,2010,4,4,521000.0,537500.0,0,,,
Swampscott,2011,3,3,1180000.0,830000.0,0,,,
Swampscott,2012,7,5,577714.2857142857,180000.0,2,,,
Swampscott,2013,4,3,1353250.0,640000.0,1,,,
Swampscott,2014,3,3,985833.3333333334,1200000.0,0,,,
Swampscott,2015,7,6,620285.7142857143,350000.0,1,,,
Swampscott,2016,3,3,228166.66666666666,237500.0,0,,,
Swampscott,2017,8,7,970300.0,606950.0,1,,,
Swampscott,2018,5,3,586200.0,590000.0,2,,,
Swampscott,2019,6,5,591000.0,468000.0,1,,,
Swampscott,2020,3,3,368233.3333333333,325000.0,0,,,
Swampscott,2021,8,7,894750.0,552500.0,1,,,
Swampscott,2022,6,5,574166.6666666666,575000.0,1,,,
Topsfield,2000,1,1,368000.0,368000.0,0,,,
Topsfield,2002,1,1,850000.0,850000.0,0,,,
Topsfield,2003,1,1,259000.0,259000.0,0,,,
Topsfield,2006,1,1,531221.0,531221.0,0,,,
Topsfield,2007,1,1,917500.0,917500.0,0,,,
Topsfield,2009,3,1,990000.0,625000.0,2,,,
Topsfield,2010,2,1,627500.0,627500.0,1,,,
Topsfield,2011,1,1,50000.0,50000.0,0,,,
Topsfield,2012,2,2,530500.0,530500.0,0,,,
Topsfield,2013,6,6,702982.5,820197.5,0,,,
Topsfield,2014,1,1,149000.0,149000.0,0,,,
Topsfield,2015,5,4,440546.4,414500.0,1,,,
Topsfield,2016,2,2,345000.0,345000.0,0,,,
Topsfield,2017,4,4,717250.0,572000.0,0,,,
Topsfield,2018,4,3,460500.0,355000.0,1,,,
Topsfield,2019,3,2,740000.0,820000.0,1,,,
Topsfield,2020,2,2,860000.0,860000.0,0,,,
Topsfield,2021,3,3,1450000.0,1500000.0,0,,,
Wakefield,2000,3,2,325000.0,320000.0,1,,,
Wakefield,2001,3,3,297000.0,329000.0,0,,,
Wakefield,2002,6,4,324500.0,231000.0,2,,,
Wakefield,2003,7,6,508551.4285714286,300000.0,1,,,
Wakefield,2004,7,6,882350.2857142857,450000.0,1,,,
Wakefield,2005,6,6,1939833.3333333333,1500000.0,0,,,
Wakefield,2006,7,7,558442.8571428572,550000.0,0,,,
Wakefield,2007,5,5,1708200.0,1250000.0,0,,,
Wakefield,2008,7,7,256071.42857142858,272500.0,0,,,
Wakefield,2009,5,4,7768000.0,315000.0,1,,,
Wakefield,2010,4,4,1150000.0,491500.0,0,,,
Wakefield,2011,9,9,4345555.555555556,950000.0,0,,,
Wakefield,2012,11,10,436727.2727272727,325000.0,1,,,
Wakefield,2013,7,6,694971.4285714285,451000.0,1,,,
Wakefield,2014,7,6,388285.71428571426,232000.0,1,,,
Wakefield,2015,11,10,3333327.272727273,600000.0,1,,,
Wakefield,2016,15,12,3429804.2666666666,700000.0,3,,,
Wakefield,2017,9,8,1130858.4444444445,600000.0,1,,,
Wakefield,2018,16,15,604306.25,600000.0,1,,,
Wakefield,2019,17,16,718832.3529411765,562500.0,1,,,
Wakefield,2020,8,8,703750.0,662500.0,0,,,
Wakefield,2021,11,9,1203636.3636363635,730000.0,2,,,
Wakefield,2022,15,12,2941893.3333333335,725000.0,3,,,
Walpole,2000,1,0,296000.0,296000.0,1,,,
Walpole,2003,1,1,327500.0,327500.0,0,,,
Walpole,2004,2,1,284950.0,284950.0,1,,,
Walpole,2005,9,8,607033.3333333334,478500.0,1,,,
Walpole,2006,4,4,573125.0,428750.0,0,,,
Walpole,2007,8,7,401000.0,370000.0,1,,,
Walpole,2008,3,3,453333.3333333333,275000.0,0,,,
Walpole,2009,3,3,891666.6666666666,250000.0,0,,,
Walpole,2010,4,2,439250.0,347500.0,2,,,
Walpole,2011,2,1,1175000.0,1175000.0,1,,,
Walpole,2012,10,9,439700.0,360000.0,1,,,
Walpole,2013,2,1,156875.0,156875.0,1,,,
Walpole,2014,8,7,473875.0,362500.0,1,,,
Walpole,2015,9,9,466766.6666666667,385000.0,0,,,
Walpole,2016,6,5,411000.1666666667,321500.0,1,,,
Walpole,2017,14,12,613928.5714285715,445000.0,2,,,
Walpole,2018,15,14,1177000.0,375000.0,1,,,
Walpole,2019,6,6,596666.6666666666,527500.0,0,,,
Walpole,2020,15,14,721558.3333333334,575000.0,1,,,
Walpole,2021,7,6,2380357.1428571427,520000.0,1,,,
Walpole,2022,4,4,1367500.0,810000.0,0,,,
Waltham,2000,14,11,5596605.428571428,617500.0,3,,,
Waltham,2001,9,9,409340.22222222225,500000.0,0,,,
Waltham,2002,12,10,401038.1666666667,413729.0,2,,,
Waltham,2003,11,11,1200189.3636363635,440000.0,0,,,
Waltham,2004,17,15,909108.7058823529,600000.0,2,,,
Waltham,2005,23,20,1796813.7391304348,450000.0,3,,,
Waltham,2006,10,7,911200.0,643000.0,3,,,
Waltham,2007,15,15,10303500.0,760000.0,0,,,
Waltham,2008,20,15,2197015.75,401500.0,5,,,
Waltham,2009,16,13,657062.5,412500.0,3,,,
Waltham,2010,19,18,3515552.6315789474,470000.0,1,,,
Waltham,2011,14,12,509368.5714285714,253080.0,2,,,
Waltham,2012,27,25,405581.48148148146,375000.0,2,,,
Waltham,2013,18,14,2643294.388888889,332149.5,4,,,
Waltham,2014,28,27,3949339.285714286,483750.0,1,,,
Waltham,2015,30,26,1283907.4666666666,457500.0,4,,,
Waltham,2016,19,19,770173.6842105263,448800.0,0,,,
Waltham,2017,34,28,1305964.705882353,607450.0,6,,,
Waltham,2018,39,32,1582547.1538461538,586500.0,7,,,
Waltham,2019,34,30,5090780.029411765,653000.0,4,,,
Waltham,2020,27,23,1053287.0,665000.0,4,,,
Waltham,2021,34,30,1779229.4411764706,985000.0,4,,,
Waltham,2022,42,40,938476.8571428572,770000.0,2,,,
Watertown,2000,5,5,515000.0,380000.0,0,,,
Watertown,2001,10,6,952950.0,342000.0,4,,,
Watertown,2002,9,6,445061.1111111111,340500.0,3,,,
Watertown,2003,14,11,580242.8571428572,414950.0,3,,,
Watertown,2004,7,6,1065700.0,430000.0,1,,,
Watertown,2005,7,5,431532.85714285716,336730.0,2,,,
Watertown,2006,6,4,1266916.6666666667,601250.0,2,,,
Watertown,2007,8,7,700312.5,537500.0,1,,,
Watertown,2008,6,4,834950.0,449850.0,2,,,
Watertown,2009,6,6,329583.3333333333,325000.0,0,,,
Watertown,2010,9,8,742055.5555555555,512500.0,1,,,
Watertown,2011,6,3,566375.0,425750.0,3,,,
Watertown,2012,8,8,561162.5,557500.0,0,,,
Watertown,2013,19,17,566705.2631578947,520000.0,2,,,
Watertown,2014,17,13,1167021.7647058824,550000.0,4,,,
Watertown,2015,21,16,785595.2380952381,535000.0,5,,,
Watertown,2016,24,19,757079.1666666666,640000.0,5,,,
Watertown,2017,18,15,891055.5555555555,615000.0,3,,,
Watertown,2018,25,20,2017200.0,890000.0,5,,,
Watertown,2019,19,17,916105.2631578947,820000.0,2,,,
Watertown,2020,24,20,14909392.25,807500.0,4,,,
Watertown,2021,21,20,992238.0952380953,890000.0,1,,,
Watertown,2022,20,19,5668100.05,872500.0,1,,,
Wayland,2000,3,2,383333.3333333333,370000.0,1,,,
Wayland,2001,1,1,195000.0,195000.0,0,,,
Wayland,2002,4,4,741000.0,602000.0,0,,,
Wayland,2003,3,3,826333.3333333334,870000.0,0,,,
Wayland,2004,3,2,604666.6666666666,564000.0,1,,,
Wayland,2005,2,2,11954000.0,11954000.0,0,,,
Wayland,2006,2,2,536000.0,536000.0,0,,,
Wayland,2007,4,2,4085000.0,4282500.0,2,,,
Wayland,2008,3,3,341000.0,340000.0,0,,,
Wayland,2009,2,2,307000.0,307000.0,0,,,
Wayland,2010,3,3,561666.6666666666,550000.0,0,,,
Wayland,2011,4,4,460575.0,274900.0,0,,,
Wayland,2012,14,11,372877.71428571426,332500.0,3,,,
Wayland,2013,6,6,576666.6666666666,560000.0,0,,,
Wayland,2014,5,3,935580.2,717900.0,2,,,
Wayland,2015,8,6,731237.5,557500.0,2,,,
Wayland,2016,11,10,524000.0,485000.0,1,,,
Wayland,2017,8,8,1694250.0,594500.0,0,,,
Wayland,2018,6,5,482000.0,502500.0,1,,,
Wayland,2019,5,5,845697.0,375000.0,0,,,
Wayland,2020,6,4,630958.3333333334,515375.0,2,,,
Wayland,2021,9,9,1022777.7777777778,1050000.0,0,,,
Wayland,2022,6,5,591500.0,560000.0,1,,,
Wellesley,2000,2,1,3749000.0,3749000.0,1,,,
Wellesley,2001,2,1,2407500.0,2407500.0,1,,,
Wellesley,2002,3,1,877000.0,451000.0,2,,,
Wellesley,2003,11,6,1044409.0909090909,1000000.0,5,,,
Wellesley,2004,15,15,1523900.0,1300000.0,0,,,
Wellesley,2005,14,13,1503107.142857143,797500.0,1,,,
Wellesley,2006,13,13,2370680.769230769,1200000.0,0,,,
Wellesley,2007,10,8,2238650.0,2100000.0,2,,,
Wellesley,2008,15,14,1458606.6666666667,1225000.0,1,,,
Wellesley,2009,10,8,1759500.0,975000.0,2,,,
Wellesley,2010,21,18,1106557.142857143,900000.0,3,,,
Wellesley,2011,13,13,1279224.3846153845,795000.0,0,,,
Wellesley,2012,20,20,1000055.0,754500.0,0,,,
Wellesley,2013,14,13,1438107.142857143,966250.0,1,,,
Wellesley,2014,22,21,1112982.9545454546,894062.5,1,,,
Wellesley,2015,33,33,974590.9090909091,800000.0,0,,,
Wellesley,2016,27,25,1139151.851851852,975000.0,2,,,
Wellesley,2017,29,29,1602797.9655172413,1230000.0,0,,,
Wellesley,2018,19,17,1641438.5789473683,1150000.0,2,,,
Wellesley,2019,26,25,1895003.6538461538,1250000.0,1,,,
Wellesley,2020,24,20,2236522.0416666665,1237500.0,4,,,
Wellesley,2021,35,32,2179417.1428571427,1400000.0,3,,,
Wellesley,2022,30,27,1941441.6666666667,1550000.0,3,,,
Wenham,2001,2,1,1079950.0,1079950.0,1,,,
Wenham,2005,1,0,329000.0,329000.0,1,,,
Wenham,2006,1,0,458500.0,458500.0,1,,,
Wenham,2009,3,3,551666.6666666666,540000.0,0,,,
Wenham,2011,1,1,561000.0,561000.0,0,,,
Wenham,2013,2,2,408500.0,408500.0,0,,,
Wenham,2014,2,2,1302500.0,1302500.0,0,,,
Wenham,2015,3,1,693333.3333333334,515000.0,2,,,
Wenham,2016,3,3,394166.6666666667,330500.0,0,,,
Wenham,2017,1,1,500000.0,500000.0,0,,,
Wenham,2018,1,1,305000.0,305000.0,0,,,
Wenham,2019,3,3,580666.6666666666,600000.0,0,,,
Wenham,2020,2,1,545000.0,545000.0,1,,,
Wenham,2021,3,3,1233333.3333333333,1500000.0,0,,,
Wenham,2022,7,7,1110000.2857142857,900000.0,0,,,
Weston,2000,7,6,1787857.142857143,1100000.0,1,,,
Weston,2001,5,3,1552000.0,1185000.0,2,,,
Weston,2002,2,2,3110500.0,3110500.0,0,,,
Weston,2003,5,4,3326200.0,1101000.0,1,,,
Weston,2004,11,11,1403090.9090909092,1374000.0,0,,,
Weston,2005,10,10,2078427.8,1802500.0,0,,,
Weston,2006,10,8,1482450.0,1275000.0,2,,,
Weston,2007,7,7,2160714.285714286,1050000.0,0,,,
Weston,2008,7,6,2870767.8571428573,1562000.0,1,,,
Weston,2009,6,6,1714166.6666666667,1492500.0,0,,,
Weston,2010,7,7,1661428.5714285714,1170000.0,0,,,
Weston,2011,6,6,3758000.0,1525500.0,0,,,
Weston,2012,6,6,2165816.6666666665,1922500.0,0,,,
Weston,2013,6,4,2468845.5,2100000.0,2,,,
Weston,2014,15,15,1661766.8,1438852.0,0,,,
Weston,2015,15,15,2003433.3333333333,1350000.0,0,,,
Weston,2016,8,7,2661350.0,1490000.0,1,,,
Weston,2017,18,17,1641083.3333333333,1290500.0,1,,,
Weston,2018,10,8,2425150.0,1975000.0,2,,,
Weston,2019,6,5,2497916.6666666665,2537500.0,1,,,
Weston,2020,16,14,2796931.25,1625000.0,2,,,
Weston,2021,12,11,3030833.3333333335,2425000.0,1,,,
Weston,2022,18,17,2483250.0555555555,1553000.0,1,,,
Westwood,2000,1,0,337000.0,337000.0,1,,,
Westwood,2002,2,1,1764500.0,1764500.0,1,,,
Westwood,2003,4,1,344375.0,342750.0,3,,,
Westwood,2004,6,5,1182500.0,457500.0,1,,,
Westwood,2005,4,2,4255569.5,4099500.0,2,,,
Westwood,2006,5,4,545000.0,565000.0,1,,,
Westwood,2007,3,2,1356666.6666666667,1675000.0,1,,,
Westwood,2008,1,1,493000.0,493000.0,0,,,
Westwood,2009,2,2,452500.0,452500.0,0,,,
Westwood,2010,3,2,589029.3333333334,625000.0,1,,,
Westwood,2011,2,0,312500.0,312500.0,2,,,
Westwood,2012,6,4,2699750.0,1026750.0,2,,,
Westwood,2013,4,3,849500.0,411500.0,1,,,
Westwood,2014,8,6,1003125.0,962500.0,2,,,
Westwood,2015,5,5,1928656.0,710000.0,0,,,
Westwood,2016,10,9,698837.5,487500.0,1,,,
Westwood,2017,9,9,513000.0,500000.0,0,,,
Westwood,2018,5,5,670000.0,550000.0,0,,,
Westwood,2019,13,12,911269.2307692308,669000.0,1,,,
Westwood,2020,4,4,893750.0,655000.0,0,,,
Westwood,2021,6,6,739833.3333333334,687500.0,0,,,
Westwood,2022,4,4,812500.0,850000.0,0,,,
Weymouth,2000,3,2,1816633.3333333333,750000.0,1,,,
Weymouth,2001,3,1,99523.33333333333,100000.0,2,,,
Weymouth,2002,4,2,188950.0,195450.0,2,,,
Weymouth,2003,7,6,439688.14285714284,365000.0,1,,,
Weymouth,2004,7,5,620414.2857142857,450000.0,2,,,
Weymouth,2005,7,7,338142.85714285716,305000.0,0,,,
Weymouth,2006,9,8,1182222.2222222222,277500.0,1,,,
Weymouth,2007,13,10,438230.76923076925,380000.0,3,,,
Weymouth,2008,5,4,480800.0,365000.0,1,,,
Weymouth,2009,8,7,740375.0,351500.0,1,,,
Weymouth,2010,8,6,289237.5,299500.0,2,,,
Weymouth,2011,14,12,299428.5714285714,253500.0,2,,,
Weymouth,2012,6,3,284566.6666666667,231200.0,3,,,
Weymouth,2013,10,8,959855.1,317500.0,2,,,
Weymouth,2014,17,15,447241.17647058825,300000.0,2,,,
Weymouth,2015,13,11,385923.07692307694,315000.0,2,,,
Weymouth,2016,18,15,420305.55555555556,322500.0,3,,,
Weymouth,2017,18,16,822838.8888888889,775000.0,2,,,
Weymouth,2018,15,14,536320.0666666667,320000.0,1,,,
Weymouth,2019,28,24,549571.4285714285,377500.0,4,,,
Weymouth,2020,12,8,505375.0,327500.0,4,,,
Weymouth,2021,27,24,930407.4074074074,550000.0,3,,,
Weymouth,2022,18,16,482300.0,435000.0,2,,,
Wilmington,2000,7,6,225714.2857142857,130000.0,1,,,
Wilmington,2001,2,2,140000.0,140000.0,0,,,
Wilmington,2002,4,4,251750.0,245000.0,0,,,
Wilmington,2003,3,3,453333.3333333333,265000.0,0,,,
Wilmington,2004,9,6,2880333.3333333335,550000.0,3,,,
Wilmington,2005,9,9,1552211.111111111,1200000.0,0,,,
Wilmington,2006,7,6,5024357.142857143,535000.0,1,,,
Wilmington,2007,7,6,1782128.5714285714,275000.0,1,,,
Wilmington,2008,3,3,265333.3333333333,296000.0,0,,,
Wilmington,2009,6,6,1688041.6666666667,322500.0,0,,,
Wilmington,2010,6,6,255166.66666666666,255000.0,0,,,
Wilmington,2011,4,3,1724250.0,1171000.0,1,,,
Wilmington,2012,4,4,151225.0,115000.0,0,,,
Wilmington,2013,9,9,1378111.111111111,225000.0,0,,,
Wilmington,2014,8,8,1331153.125,205000.0,0,,,
Wilmington,2015,15,12,6319900.0,440000.0,3,,,
Wilmington,2016,16,16,1595307.6875,361750.0,0,,,
Wilmington,2017,17,17,595529.4117647059,279000.0,0,,,
Wilmington,2018,10,9,585500.0,460000.0,1,,,
Wilmington,2019,16,16,4336562.5,420000.0,0,,,
Wilmington,2020,7,7,1500714.2857142857,1882500.0,0,,,
Wilmington,2021,21,20,1307238.142857143,1750000.0,1,,,
Wilmington,2022,12,10,1361750.0,715000.0,2,,,
Winchester,2000,4,2,531500.0,471000.0,2,,,
Winchester,2001,1,1,349900.0,349900.0,0,,,
Winchester,2002,8,6,720375.0,575000.0,2,,,
Winchester,2003,7,5,868428.5714285715,724500.0,2,,,
Winchester,2004,5,5,669200.0,420000.0,0,,,
Winchester,2005,9,9,820833.3333333334,430000.0,0,,,
Winchester,2006,7,7,650214.2857142857,565000.0,0,,,
Winchester,2007,10,9,891815.0,546000.0,1,,,
Winchester,2008,10,8,803200.0,812500.0,2,,,
Winchester,2009,2,1,505000.0,505000.0,1,,,
Winchester,2010,1,1,1780000.0,1780000.0,0,,,
Winchester,2011,5,5,662000.0,450000.0,0,,,
Winchester,2012,7,5,993571.4285714285,900000.0,2,,,
Winchester,2013,14,10,851242.8571428572,869700.0,4,,,
Winchester,2014,9,7,860722.2222222222,740000.0,2,,,
Winchester,2015,13,12,710192.3076923077,610000.0,1,,,
Winchester,2016,15,15,834466.6666666666,700000.0,0,,,
Winchester,2017,3,3,741666.6666666666,750000.0,0,,,
Winchester,2018,13,12,1053615.3846153845,880000.0,1,,,
Winchester,2019,11,11,1899063.6363636365,1500000.0,0,,,
Winchester,2020,15,14,2304676.6666666665,1425000.0,1,,,
Winchester,2021,12,10,2460000.0,1067500.0,2,,,
Winchester,2022,18,17,1268750.0,1080000.0,1,,,
Winthrop,2001,3,1,500833.3333333333,252500.0,2,,,
Winthrop,2004,1,0,325000.0,325000.0,1,,,
Winthrop,2005,2,0,570000.0,570000.0,2,,,
Winthrop,2007,1,0,525000.0,525000.0,1,,,
Winthrop,2008,1,1,128333.0,128333.0,0,,,
Winthrop,2009,2,2,286500.0,286500.0,0,,,
Winthrop,2010,2,2,435050.0,435050.0,0,,,
Winthrop,2011,2,2,384500.0,384500.0,0,,,
Winthrop,2012,3,2,463333.3333333333,360000.0,1,,,
Winthrop,2013,7,7,254142.85714285713,249000.0,0,,,
Winthrop,2014,9,9,307055.55555555556,275000.0,0,,,
Winthrop,2015,6,5,429420.8333333333,354500.0,1,,,
Winthrop,2016,7,7,474857.14285714284,526000.0,0,,,
Winthrop,2017,5,5,603800.0,550000.0,0,,,
Winthrop,2018,6,6,453916.6666666667,451750.0,0,,,
Winthrop,2019,12,10,587333.3333333334,600000.0,2,,,
Winthrop,2020,3,3,610000.0,660000.0,0,,,
Winthrop,2021,3,3,891666.6666666666,875000.0,0,,,
Winthrop,2022,7,6,1005571.4285714285,875000.0,1,,,
Woburn,2000,8,7,738812.5,430000.0,1,,,
Woburn,2001,8,8,393708.0,394500.0,0,,,
Woburn,2002,5,4,281800.0,185000.0,1,,,
Woburn,2003,17,12,372271.4117647059,316000.0,5,,,
Woburn,2004,15,13,1452451.0,550000.0,2,,,
Woburn,2005,11,11,882590.9090909091,430000.0,0,,,
Woburn,2006,8,8,546473.5,356700.0,0,,,
Woburn,2007,7,6,1338571.4285714286,595000.0,1,,,
Woburn,2008,9,9,517916.6666666667,240000.0,0,,,
Woburn,2009,13,11,551500.0,250000.0,2,,,
Woburn,2010,10,10,1313907.5,553450.0,0,,,
Woburn,2011,13,10,1448376.923076923,294000.0,3,,,
Woburn,2012,11,11,3642727.272727273,250000.0,0,,,
Woburn,2013,11,9,347351.36363636365,325000.0,2,,,
Woburn,2014,19,18,636026.3157894737,335000.0,1,,,
Woburn,2015,19,17,651218.4210526316,400000.0,2,,,
Woburn,2016,22,22,736125.0,484100.0,0,,,
Woburn,2017,21,18,801995.2380952381,420000.0,3,,,
Woburn,2018,23,21,1174000.0869565217,435000.0,2,,,
Woburn,2019,28,26,862515.3214285715,362500.0,2,,,
Woburn,2020,26,23,1089996.3076923077,375000.0,3,,,
Woburn,2021,24,23,1547211.0416666667,629500.0,1,,,
Woburn,2022,20,20,5247600.05,555000.0,0,,,
Wrentham,2000,1,1,375000.0,375000.0,0,,,
Wrentham,2002,4,3,243750.0,262500.0,1,,,
Wrentham,2003,2,2,462500.0,462500.0,0,,,
Wrentham,2004,1,1,1135000.0,1135000.0,0,,,
Wrentham,2006,2,2,237500.0,237500.0,0,,,
Wrentham,2007,4,4,280000.0,315000.0,0,,,
Wrentham,2008,3,3,170000.0,175000.0,0,,,
Wrentham,2009,1,1,265000.0,265000.0,0,,,
Wrentham,2011,1,1,222000.0,222000.0,0,,,
Wrentham,2012,1,1,900000.0,900000.0,0,,,
Wrentham,2013,6,6,534350.1666666666,432550.5,0,,,
Wrentham,2015,3,3,146666.66666666666,162500.0,0,,,
Wrentham,2016,5,5,464600.0,380000.0,0,,,
Wrentham,2017,7,7,239571.42857142858,195000.0,0,,,
Wrentham,2018,5,3,263300.0,150000.0,2,,,
Wrentham,2019,4,3,288750.0,265000.0,1,,,
Wrentham,2020,6,6,2087458.3333333333,412500.0,0,,,
Wrentham,2021,7,7,954285.7142857143,755000.0,0,,,
Wrentham,2022,4,4,3596638.75,827500.0,0,,,
